No,Nama Produk,Brand,Jenis Kulit,Masalah Kulit,Kandungan Utama,Alcohol-Free,Fragrance-Free,Non-Comedogenic,Oil Control,Hydrating,Brightening,Anti Acne,Soothing,Anti Aging,UV Protection,Cocok,Image
1,UV Shield Aqua Fresh Essence SPF 50 PA++++,Wardah,Normal,"Kulit kusam, Paparan UV, Kering, Iritasi ringan","Broad Spectrum Protection, Aquafused Technology, Bisabolol, Waterproof Acvtive",1,0,1,1,1,1,0,1,0,YES,YES,C:\project\static\Images\Sunscreen\Wardah UV Shield Aqua Fresh Sunscreen Serum SPF 50 PA++++.png
2,UV Shield Aqua Fresh Essence SPF 50 PA++++,Wardah,Kering,"Kulit kusam, Paparan UV, Kering, Iritasi ringan","Broad Spectrum Protection, Aquafused Technology, Bisabolol, Waterproof Acvtive",1,0,1,1,1,1,0,1,0,YES,YES,C:\project\static\Images\Sunscreen\Wardah UV Shield Aqua Fresh Sunscreen Serum SPF 50 PA++++.png
3,UV Shield Aqua Fresh Essence SPF 50 PA++++,Wardah,Sensitif,"Kulit kusam, Paparan UV, Kering, Iritasi ringan","Broad Spectrum Protection, Aquafused Technology, Bisabolol, Waterproof Acvtive",1,0,1,1,1,1,0,1,0,YES,NO,C:\project\static\Images\Sunscreen\Wardah UV Shield Aqua Fresh Sunscreen Serum SPF 50 PA++++.png
4,UV Shield Aqua Fresh Essence SPF 50 PA++++,Wardah,Berminyak,"Kulit kusam, Paparan UV, Kering, Iritasi ringan","Broad Spectrum Protection, Aquafused Technology, Bisabolol, Waterproof Acvtive",1,0,1,1,1,1,0,1,0,YES,YES,C:\project\static\Images\Sunscreen\Wardah UV Shield Aqua Fresh Sunscreen Serum SPF 50 PA++++.png
5,UV Shield Aqua Fresh Essence SPF 50 PA++++,Wardah,Kombinasi,"Kulit kusam, Paparan UV, Kering, Iritasi ringan","Broad Spectrum Protection, Aquafused Technology, Bisabolol, Waterproof Acvtive",1,0,1,1,1,1,0,1,0,YES,YES,C:\project\static\Images\Sunscreen\Wardah UV Shield Aqua Fresh Sunscreen Serum SPF 50 PA++++.png
6,UV Shield Aqua Fresh Essence SPF 50 PA++++,Wardah,Berjerawat,"Kulit kusam, Paparan UV, Kering, Iritasi ringan","Broad Spectrum Protection, Aquafused Technology, Bisabolol, Waterproof Acvtive",1,0,1,1,1,1,0,1,0,YES,NO,C:\project\static\Images\Sunscreen\Wardah UV Shield Aqua Fresh Sunscreen Serum SPF 50 PA++++.png
7,UV Shield Essential Sunscreen Gel SPF 35 PA+++,Wardah,Normal,"Kusam, Paparan UV, Kering, Iritasi ringan","Niacinamide, Vitamin C, Gluthatione, SkinBoost DNA, Vitamin E dan Pro-Vitamin B5",1,1,1,1,1,0,0,1,0,YES,YES,C:\project\static\Images\Sunscreen\Wardah UV Shield Essential Gel Sunscreen Serum SPF 35 PA+++.png
8,UV Shield Essential Sunscreen Gel SPF 35 PA+++,Wardah,Kering,"Kusam, Paparan UV, Kering, Iritasi ringan","Niacinamide, Vitamin C, Gluthatione, SkinBoost DNA, Vitamin E dan Pro-Vitamin B5",1,1,1,1,1,0,0,1,0,YES,YES,C:\project\static\Images\Sunscreen\Wardah UV Shield Essential Gel Sunscreen Serum SPF 35 PA+++.png
9,UV Shield Essential Sunscreen Gel SPF 35 PA+++,Wardah,Sensitif,"Kusam, Paparan UV, Kering, Iritasi ringan","Niacinamide, Vitamin C, Gluthatione, SkinBoost DNA, Vitamin E dan Pro-Vitamin B5",1,1,1,1,1,0,0,1,0,YES,YES,C:\project\static\Images\Sunscreen\Wardah UV Shield Essential Gel Sunscreen Serum SPF 35 PA+++.png
10,UV Shield Essential Sunscreen Gel SPF 35 PA+++,Wardah,Berminyak,"Kusam, Paparan UV, Kering, Iritasi ringan","Niacinamide, Vitamin C, Gluthatione, SkinBoost DNA, Vitamin E dan Pro-Vitamin B5",1,1,1,1,1,0,0,1,0,YES,YES,C:\project\static\Images\Sunscreen\Wardah UV Shield Essential Gel Sunscreen Serum SPF 35 PA+++.png
11,UV Shield Essential Sunscreen Gel SPF 35 PA+++,Wardah,Kombinasi,"Kusam, Paparan UV, Kering, Iritasi ringan","Niacinamide, Vitamin C, Gluthatione, SkinBoost DNA, Vitamin E dan Pro-Vitamin B5",1,1,1,1,1,0,0,1,0,YES,YES,C:\project\static\Images\Sunscreen\Wardah UV Shield Essential Gel Sunscreen Serum SPF 35 PA+++.png
12,UV Shield Essential Sunscreen Gel SPF 35 PA+++,Wardah,Berjerawat,"Kusam, Paparan UV, Kering, Iritasi ringan","Niacinamide, Vitamin C, Gluthatione, SkinBoost DNA, Vitamin E dan Pro-Vitamin B5",1,1,1,1,1,0,0,1,0,YES,NO,C:\project\static\Images\Sunscreen\Wardah UV Shield Essential Gel Sunscreen Serum SPF 35 PA+++.png
13,UV Shield Light Matte Sun Stick SPF 50 PA++++,Wardah,Normal,"Kusam, Paparan UV, Minyak berlebih","Broad Spectrum Protection, Sebum Absorber, Water and Sweat Resistant Technology, Vitamin E",1,1,1,1,1,0,0,0,0,YES,YES,C:\project\static\Images\Sunscreen\Wardah UV Shield Light Matte Sun Stick.png
14,UV Shield Light Matte Sun Stick SPF 50 PA++++,Wardah,Kering,"Kusam, Paparan UV, Minyak berlebih","Broad Spectrum Protection, Sebum Absorber, Water and Sweat Resistant Technology, Vitamin E",1,1,1,1,1,0,0,0,0,YES,YES,C:\project\static\Images\Sunscreen\Wardah UV Shield Light Matte Sun Stick.png
15,UV Shield Light Matte Sun Stick SPF 50 PA++++,Wardah,Sensitif,"Kusam, Paparan UV, Minyak berlebih","Broad Spectrum Protection, Sebum Absorber, Water and Sweat Resistant Technology, Vitamin E",1,1,1,1,1,0,0,0,0,YES,YES,C:\project\static\Images\Sunscreen\Wardah UV Shield Light Matte Sun Stick.png
16,UV Shield Light Matte Sun Stick SPF 50 PA++++,Wardah,Berminyak,"Kusam, Paparan UV, Minyak berlebih","Broad Spectrum Protection, Sebum Absorber, Water and Sweat Resistant Technology, Vitamin E",1,1,1,1,1,0,0,0,0,YES,YES,C:\project\static\Images\Sunscreen\Wardah UV Shield Light Matte Sun Stick.png
17,UV Shield Light Matte Sun Stick SPF 50 PA++++,Wardah,Kombinasi,"Kusam, Paparan UV, Minyak berlebih","Broad Spectrum Protection, Sebum Absorber, Water and Sweat Resistant Technology, Vitamin E",1,1,1,1,1,0,0,0,0,YES,YES,C:\project\static\Images\Sunscreen\Wardah UV Shield Light Matte Sun Stick.png
18,UV Shield Light Matte Sun Stick SPF 50 PA++++,Wardah,Berjerawat,"Kusam, Paparan UV, Minyak berlebih","Broad Spectrum Protection, Sebum Absorber, Water and Sweat Resistant Technology, Vitamin E",1,1,1,1,1,0,0,0,0,YES,NO,C:\project\static\Images\Sunscreen\Wardah UV Shield Light Matte Sun Stick.png
19,UV Shield Active Protection Serum SPF 50 PA++++,Wardah,Normal,"Kusam, Paparan UV, Minyak berlebih, Polusi","Aquafused Technology, Waterproof Active, SPF 50 PA++++, Broad Spectrum Filters",1,1,1,1,1,0,0,1,0,YES,YES,C:\project\static\Images\Sunscreen\Wardah UV Shield Active Protection Serum SPF 50.png
20,UV Shield Active Protection Serum SPF 50 PA++++,Wardah,Kering,"Kusam, Paparan UV, Minyak berlebih, Polusi","Aquafused Technology, Waterproof Active, SPF 50 PA++++, Broad Spectrum Filters",1,1,1,1,1,0,0,1,0,YES,YES,C:\project\static\Images\Sunscreen\Wardah UV Shield Active Protection Serum SPF 50.png
21,UV Shield Active Protection Serum SPF 50 PA++++,Wardah,Sensitif,"Kusam, Paparan UV, Minyak berlebih, Polusi","Aquafused Technology, Waterproof Active, SPF 50 PA++++, Broad Spectrum Filters",1,1,1,1,1,0,0,1,0,YES,YES,C:\project\static\Images\Sunscreen\Wardah UV Shield Active Protection Serum SPF 50.png
22,UV Shield Active Protection Serum SPF 50 PA++++,Wardah,Berminyak,"Kusam, Paparan UV, Minyak berlebih, Polusi","Aquafused Technology, Waterproof Active, SPF 50 PA++++, Broad Spectrum Filters",1,1,1,1,1,0,0,1,0,YES,YES,C:\project\static\Images\Sunscreen\Wardah UV Shield Active Protection Serum SPF 50.png
23,UV Shield Active Protection Serum SPF 50 PA++++,Wardah,Kombinasi,"Kusam, Paparan UV, Minyak berlebih, Polusi","Aquafused Technology, Waterproof Active, SPF 50 PA++++, Broad Spectrum Filters",1,1,1,1,1,0,0,1,0,YES,YES,C:\project\static\Images\Sunscreen\Wardah UV Shield Active Protection Serum SPF 50.png
24,UV Shield Active Protection Serum SPF 50 PA++++,Wardah,Berjerawat,"Kusam, Paparan UV, Minyak berlebih, Polusi","Aquafused Technology, Waterproof Active, SPF 50 PA++++, Broad Spectrum Filters",1,1,1,1,1,0,0,1,0,YES,NO,C:\project\static\Images\Sunscreen\Wardah UV Shield Active Protection Serum SPF 50.png
25,UV Shield Acne Calming Sunscreen Serum SPF 50 PA++++,Wardah,Normal,"Minyak berlebih, Paparan UV, Rentan berjerawat","Salicylic Acid, Panthenol, Vitamin B3",1,1,1,1,1,1,1,1,0,YES,YES,C:\project\static\Images\Sunscreen\Wardah UV Shield Acne Calming Sunscreen Serum SPF 50 PA++++.png
26,UV Shield Acne Calming Sunscreen Serum SPF 50 PA++++,Wardah,Kering,"Minyak berlebih, Paparan UV, Rentan berjerawat","Salicylic Acid, Panthenol, Vitamin B3",1,1,1,1,1,1,1,1,0,YES,YES,C:\project\static\Images\Sunscreen\Wardah UV Shield Acne Calming Sunscreen Serum SPF 50 PA++++.png
27,UV Shield Acne Calming Sunscreen Serum SPF 50 PA++++,Wardah,Sensitif,"Minyak berlebih, Paparan UV, Rentan berjerawat","Salicylic Acid, Panthenol, Vitamin B3",1,1,1,1,1,1,1,1,0,YES,YES,C:\project\static\Images\Sunscreen\Wardah UV Shield Acne Calming Sunscreen Serum SPF 50 PA++++.png
28,UV Shield Acne Calming Sunscreen Serum SPF 50 PA++++,Wardah,Berminyak,"Minyak berlebih, Paparan UV, Rentan berjerawat","Salicylic Acid, Panthenol, Vitamin B3",1,1,1,1,1,1,1,1,0,YES,YES,C:\project\static\Images\Sunscreen\Wardah UV Shield Acne Calming Sunscreen Serum SPF 50 PA++++.png
29,UV Shield Acne Calming Sunscreen Serum SPF 50 PA++++,Wardah,Kombinasi,"Minyak berlebih, Paparan UV, Rentan berjerawat","Salicylic Acid, Panthenol, Vitamin B3",1,1,1,1,1,1,1,1,0,YES,YES,C:\project\static\Images\Sunscreen\Wardah UV Shield Acne Calming Sunscreen Serum SPF 50 PA++++.png
30,UV Shield Acne Calming Sunscreen Serum SPF 50 PA++++,Wardah,Berjerawat,"Minyak berlebih, Paparan UV, Rentan berjerawat","Salicylic Acid, Panthenol, Vitamin B3",1,1,1,1,1,1,1,1,0,YES,YES,C:\project\static\Images\Sunscreen\Wardah UV Shield Acne Calming Sunscreen Serum SPF 50 PA++++.png
31,UV Shield Physical Sunscreem Serum SPF 50+ PA++++,Wardah,Normal,"Kulit kemerahan, Iritasi ringan, Paparan UV","Zinc Oxide, Titanium Dioxide, Heartleaf, Oatmeal, Uji Kyoto Matcha",1,1,1,1,1,0,0,1,0,YES,YES,C:\project\static\Images\Sunscreen\Wardah UV Shield Physical Sunscreen Serum SPF 50+ PA++++.png
32,UV Shield Physical Sunscreem Serum SPF 50+ PA++++,Wardah,Kering,"Kulit kemerahan, Iritasi ringan, Paparan UV","Zinc Oxide, Titanium Dioxide, Heartleaf, Oatmeal, Uji Kyoto Matcha",1,1,1,1,1,0,0,1,0,YES,YES,C:\project\static\Images\Sunscreen\Wardah UV Shield Physical Sunscreen Serum SPF 50+ PA++++.png
33,UV Shield Physical Sunscreem Serum SPF 50+ PA++++,Wardah,Sensitif,"Kulit kemerahan, Iritasi ringan, Paparan UV","Zinc Oxide, Titanium Dioxide, Heartleaf, Oatmeal, Uji Kyoto Matcha",1,1,1,1,1,0,0,1,0,YES,YES,C:\project\static\Images\Sunscreen\Wardah UV Shield Physical Sunscreen Serum SPF 50+ PA++++.png
34,UV Shield Physical Sunscreen Serum SPF 50+ PA++++,Wardah,Berminyak,"Kulit kemerahan, Iritasi ringan, Paparan UV","Zinc Oxide, Titanium Dioxide, Heartleaf, Oatmeal, Uji Kyoto Matcha",1,1,1,1,1,0,0,1,0,YES,YES,C:\project\static\Images\Sunscreen\Wardah UV Shield Physical Sunscreen Serum SPF 50+ PA++++.png
35,UV Shield Physical Sunscreem Serum SPF 50+ PA++++,Wardah,Kombinasi,"Kulit kemerahan, Iritasi ringan, Paparan UV","Zinc Oxide, Titanium Dioxide, Heartleaf, Oatmeal, Uji Kyoto Matcha",1,1,1,1,1,0,0,1,0,YES,YES,C:\project\static\Images\Sunscreen\Wardah UV Shield Physical Sunscreen Serum SPF 50+ PA++++.png
36,UV Shield Physical Sunscreem Serum SPF 50+ PA++++,Wardah,Berjerawat,"Kulit kemerahan, Iritasi ringan, Paparan UV","Zinc Oxide, Titanium Dioxide, Heartleaf, Oatmeal, Uji Kyoto Matcha",1,1,1,1,1,0,0,1,0,YES,NO,C:\project\static\Images\Sunscreen\Wardah UV Shield Physical Sunscreen Serum SPF 50+ PA++++.png
37,UV Shield Tone UP Sunscreen Serum SPF 50+ PA+++,Wardah,Normal,"Kusam, Noda hitam","Zinc Oxide, Titanium Dioxide, Tranexamic Acid, Bright Peptide",1,0,1,1,1,1,0,1,0,YES,YES,C:\project\static\Images\Sunscreen\Wardah UV Shield Tone Up Sunscreen SPF 50+ PA+++.png
38,UV Shield Tone UP Sunscreen Serum SPF 50+ PA+++,Wardah,Kering,"Kusam, Noda hitam","Zinc Oxide, Titanium Dioxide, Tranexamic Acid, Bright Peptide",1,0,1,1,1,1,0,1,0,YES,YES,C:\project\static\Images\Sunscreen\Wardah UV Shield Tone Up Sunscreen SPF 50+ PA+++.png
39,UV Shield Tone UP Sunscreen Serum SPF 50+ PA+++,Wardah,Sensitif,"Kusam, Noda hitam","Zinc Oxide, Titanium Dioxide, Tranexamic Acid, Bright Peptide",1,0,1,1,1,1,0,1,0,YES,NO,C:\project\static\Images\Sunscreen\Wardah UV Shield Tone Up Sunscreen SPF 50+ PA+++.png
40,UV Shield Tone UP Sunscreen Serum SPF 50+ PA+++,Wardah,Berminyak,"Kusam, Noda hitam","Zinc Oxide, Titanium Dioxide, Tranexamic Acid, Bright Peptide",1,0,1,1,1,1,0,1,0,YES,YES,C:\project\static\Images\Sunscreen\Wardah UV Shield Tone Up Sunscreen SPF 50+ PA+++.png
41,UV Shield Tone UP Sunscreen Serum SPF 50+ PA+++,Wardah,Kombinasi,"Kusam, Noda hitam","Zinc Oxide, Titanium Dioxide, Tranexamic Acid, Bright Peptide",1,0,1,1,1,1,0,1,0,YES,YES,C:\project\static\Images\Sunscreen\Wardah UV Shield Tone Up Sunscreen SPF 50+ PA+++.png
42,UV Shield Tone UP Sunscreen Serum SPF 50+ PA+++,Wardah,Berjerawat,"Kusam, Noda hitam","Zinc Oxide, Titanium Dioxide, Tranexamic Acid, Bright Peptide",1,0,1,1,1,1,0,1,0,YES,NO,C:\project\static\Images\Sunscreen\Wardah UV Shield Tone Up Sunscreen SPF 50+ PA+++.png
43,UV Shield Airy Smooth Sunscreen Serum SPF 50 PA++++,Wardah,Normal,"Kusam, Paparan UV, Bintik hitam, Penuaan dini, Kulit terbakar","Ethylhexyl Methoxycinnamate, Butyl Methoxydibenzoylmethane, Octocrylene, Niacinamide, Alpha-Arbutin, Aluminum Starch Octenylsuccinate",1,0,1,1,1,1,0,1,1,YES,YES,C:\project\static\Images\Sunscreen\Wardah Wardah UV Shield Airy Smooth Sunscreen Serum SPF 50 PA++++.png
44,UV Shield Airy Smooth Sunscreen Serum SPF 50 PA++++,Wardah,Kering,"Kusam, Paparan UV, Bintik hitam, Penuaan dini, Kulit terbakar","Ethylhexyl Methoxycinnamate, Butyl Methoxydibenzoylmethane, Octocrylene, Niacinamide, Alpha-Arbutin, Aluminum Starch Octenylsuccinate",1,0,1,1,1,1,0,1,1,YES,YES,C:\project\static\Images\Sunscreen\Wardah Wardah UV Shield Airy Smooth Sunscreen Serum SPF 50 PA++++.png
45,UV Shield Airy Smooth Sunscreen Serum SPF 50 PA++++,Wardah,Sensitif,"Kusam, Paparan UV, Bintik hitam, Penuaan dini, Kulit terbakar","Ethylhexyl Methoxycinnamate, Butyl Methoxydibenzoylmethane, Octocrylene, Niacinamide, Alpha-Arbutin, Aluminum Starch Octenylsuccinate",1,0,1,1,1,1,0,1,1,YES,NO,C:\project\static\Images\Sunscreen\Wardah Wardah UV Shield Airy Smooth Sunscreen Serum SPF 50 PA++++.png
46,UV Shield Airy Smooth Sunscreen Serum SPF 50 PA++++,Wardah,Berminyak,"Kusam, Paparan UV, Bintik hitam, Penuaan dini, Kulit terbakar","Ethylhexyl Methoxycinnamate, Butyl Methoxydibenzoylmethane, Octocrylene, Niacinamide, Alpha-Arbutin, Aluminum Starch Octenylsuccinate",1,0,1,1,1,1,0,1,1,YES,YES,C:\project\static\Images\Sunscreen\Wardah Wardah UV Shield Airy Smooth Sunscreen Serum SPF 50 PA++++.png
47,UV Shield Airy Smooth Sunscreen Serum SPF 50 PA++++,Wardah,Kombinasi,"Kusam, Paparan UV, Bintik hitam, Penuaan dini, Kulit terbakar","Ethylhexyl Methoxycinnamate, Butyl Methoxydibenzoylmethane, Octocrylene, Niacinamide, Alpha-Arbutin, Aluminum Starch Octenylsuccinate",1,0,1,1,1,1,0,1,1,YES,YES,C:\project\static\Images\Sunscreen\Wardah Wardah UV Shield Airy Smooth Sunscreen Serum SPF 50 PA++++.png
48,UV Shield Airy Smooth Sunscreen Serum SPF 50 PA++++,Wardah,Berjerawat,"Kusam, Paparan UV, Bintik hitam, Penuaan dini, Kulit terbakar","Ethylhexyl Methoxycinnamate, Butyl Methoxydibenzoylmethane, Octocrylene, Niacinamide, Alpha-Arbutin, Aluminum Starch Octenylsuccinate",1,0,1,1,1,1,0,1,1,YES,NO,C:\project\static\Images\Sunscreen\Wardah Wardah UV Shield Airy Smooth Sunscreen Serum SPF 50 PA++++.png
49,Sun Battle SPF 35 PA +++ Acne Clear Cica + Allantoin Airy Acne Soothing,Emina,Normal,"Berjerawat, Kemerahan, Paparan UV","Cica, Allantoin, Niacinamide, Propylene Glycol Mentha Piperita Leaf Extract",1,1,1,1,1,1,1,1,0,YES,YES,C:\project\static\Images\Sunscreen\Emina Sun Battle SPF 35 PA +++ Acne Clear Cica + Allantoin Airy Acne Soothing.png
50,Sun Battle SPF 35 PA +++ Acne Clear Cica + Allantoin Airy Acne Soothing,Emina,Kering,"Berjerawat, Kemerahan, Paparan UV","Cica, Allantoin, Niacinamide, Propylene Glycol Mentha Piperita Leaf Extract",1,1,1,1,1,1,1,1,0,YES,YES,C:\project\static\Images\Sunscreen\Emina Sun Battle SPF 35 PA +++ Acne Clear Cica + Allantoin Airy Acne Soothing.png
51,Sun Battle SPF 35 PA +++ Acne Clear Cica + Allantoin Airy Acne Soothing,Emina,Sensitif,"Berjerawat, Kemerahan, Paparan UV","Cica, Allantoin, Niacinamide, Propylene Glycol Mentha Piperita Leaf Extract",1,1,1,1,1,1,1,1,0,YES,YES,C:\project\static\Images\Sunscreen\Emina Sun Battle SPF 35 PA +++ Acne Clear Cica + Allantoin Airy Acne Soothing.png
52,Sun Battle SPF 35 PA +++ Acne Clear Cica + Allantoin Airy Acne Soothing,Emina,Berminyak,"Berjerawat, Kemerahan, Paparan UV","Cica, Allantoin, Niacinamide, Propylene Glycol Mentha Piperita Leaf Extract",1,1,1,1,1,1,1,1,0,YES,YES,C:\project\static\Images\Sunscreen\Emina Sun Battle SPF 35 PA +++ Acne Clear Cica + Allantoin Airy Acne Soothing.png
53,Sun Battle SPF 35 PA +++ Acne Clear Cica + Allantoin Airy Acne Soothing,Emina,Kombinasi,"Berjerawat, Kemerahan, Paparan UV","Cica, Allantoin, Niacinamide, Propylene Glycol Mentha Piperita Leaf Extract",1,1,1,1,1,1,1,1,0,YES,YES,C:\project\static\Images\Sunscreen\Emina Sun Battle SPF 35 PA +++ Acne Clear Cica + Allantoin Airy Acne Soothing.png
54,Sun Battle SPF 35 PA +++ Acne Clear Cica + Allantoin Airy Acne Soothing,Emina,Berjerawat,"Berjerawat, Kemerahan, Paparan UV","Cica, Allantoin, Niacinamide, Propylene Glycol Mentha Piperita Leaf Extract",1,1,1,1,1,1,1,1,0,YES,YES,C:\project\static\Images\Sunscreen\Emina Sun Battle SPF 35 PA +++ Acne Clear Cica + Allantoin Airy Acne Soothing.png
55,Sun Battle SPF 50 PA++++ Acne Fighter,Emina,Normal,"Berjerawat, Minyak berlebih, Paparan UV","Cica, Salicylic Acid, Niacinamide, Maximum Airy Sun Serum",1,1,1,1,1,1,1,1,0,YES,YES,C:\project\static\Images\Sunscreen\Emina Sun Battle SPF 50 PA++++ Cica Acne Fighter Sunscreen.png
56,Sun Battle SPF 50 PA++++ Acne Fighter,Emina,Kering,"Berjerawat, Minyak berlebih, Paparan UV","Cica, Salicylic Acid, Niacinamide, Maximum Airy Sun Serum",1,1,1,1,1,1,1,1,0,YES,YES,C:\project\static\Images\Sunscreen\Emina Sun Battle SPF 50 PA++++ Cica Acne Fighter Sunscreen.png
57,Sun Battle SPF 50 PA++++ Acne Fighter,Emina,Sensitif,"Berjerawat, Minyak berlebih, Paparan UV","Cica, Salicylic Acid, Niacinamide, Maximum Airy Sun Serum",1,1,1,1,1,1,1,1,0,YES,YES,C:\project\static\Images\Sunscreen\Emina Sun Battle SPF 50 PA++++ Cica Acne Fighter Sunscreen.png
58,Sun Battle SPF 50 PA++++ Acne Fighter,Emina,Berminyak,"Berjerawat, Minyak berlebih, Paparan UV","Cica, Salicylic Acid, Niacinamide, Maximum Airy Sun Serum",1,1,1,1,1,1,1,1,0,YES,YES,C:\project\static\Images\Sunscreen\Emina Sun Battle SPF 50 PA++++ Cica Acne Fighter Sunscreen.png
59,Sun Battle SPF 50 PA++++ Acne Fighter,Emina,Kombinasi,"Berjerawat, Minyak berlebih, Paparan UV","Cica, Salicylic Acid, Niacinamide, Maximum Airy Sun Serum",1,1,1,1,1,1,1,1,0,YES,YES,C:\project\static\Images\Sunscreen\Emina Sun Battle SPF 50 PA++++ Cica Acne Fighter Sunscreen.png
60,Sun Battle SPF 50 PA++++ Acne Fighter,Emina,Berjerawat,"Berjerawat, Minyak berlebih, Paparan UV","Cica, Salicylic Acid, Niacinamide, Maximum Airy Sun Serum",1,1,1,1,1,1,1,1,0,YES,YES,C:\project\static\Images\Sunscreen\Emina Sun Battle SPF 50 PA++++ Cica Acne Fighter Sunscreen.png
61,Sun Battle SPF 50 PA++++ Barrier Hydraburst,Emina,Normal,"Kering, Skin barrier rusak, Paparan UV","Pentacinamide, Wastar Lavender, Encapsulated UV Filter",1,1,1,1,1,1,0,1,0,YES,YES,C:\project\static\Images\Sunscreen\Emina Sun Battle SPF 50 PA++++ Barrier Hydraburst Sunscreen.png
62,Sun Battle SPF 50 PA++++ Barrier Hydraburst,Emina,Kering,"Kering, Skin barrier rusak, Paparan UV","Pentacinamide, Wastar Lavender, Encapsulated UV Filter",1,1,1,1,1,0,0,1,0,YES,YES,C:\project\static\Images\Sunscreen\Emina Sun Battle SPF 50 PA++++ Barrier Hydraburst Sunscreen.png
63,Sun Battle SPF 50 PA++++ Barrier Hydraburst,Emina,Sensitif,"Kering, Skin barrier rusak, Paparan UV","Pentacinamide, Wastar Lavender, Encapsulated UV Filter",1,1,1,1,1,0,0,1,0,YES,YES,C:\project\static\Images\Sunscreen\Emina Sun Battle SPF 50 PA++++ Barrier Hydraburst Sunscreen.png
64,Sun Battle SPF 50 PA++++ Barrier Hydraburst,Emina,Berminyak,"Kering, Skin barrier rusak, Paparan UV","Pentacinamide, Wastar Lavender, Encapsulated UV Filter",1,1,1,1,1,0,0,1,0,YES,YES,C:\project\static\Images\Sunscreen\Emina Sun Battle SPF 50 PA++++ Barrier Hydraburst Sunscreen.png
65,Sun Battle SPF 50 PA++++ Barrier Hydraburst,Emina,Kombinasi,"Kering, Skin barrier rusak, Paparan UV","Pentacinamide, Wastar Lavender, Encapsulated UV Filter",1,1,1,1,1,0,0,1,0,YES,YES,C:\project\static\Images\Sunscreen\Emina Sun Battle SPF 50 PA++++ Barrier Hydraburst Sunscreen.png
66,Sun Battle SPF 50 PA++++ Barrier Hydraburst,Emina,Berjerawat,"Kering, Skin barrier rusak, Paparan UV","Pentacinamide, Wastar Lavender, Encapsulated UV Filter",1,1,1,1,1,0,0,1,0,YES,NO,C:\project\static\Images\Sunscreen\Emina Sun Battle SPF 50 PA++++ Barrier Hydraburst Sunscreen.png
67,Skin Buddy Sun Protection SPF 30 PA+++,Emina,Normal,"Sensitif, Iritasi ringan, Kekurangan hidrasi, Paparan UV","Hyaluronic Acid, Calendula Extract, Vitamin E (Tocopheryl Acetate)",1,0,1,1,1,0,0,1,0,YES,YES,C:\project\static\Images\Sunscreen\Emina Skin Buddy Sun Protection SPF 30 PA+++.png
68,Skin Buddy Sun Protection SPF 30 PA+++,Emina,Kering,"Sensitif, Iritasi ringan, Kekurangan hidrasi, Paparan UV","Hyaluronic Acid, Calendula Extract, Vitamin E (Tocopheryl Acetate)",1,0,1,1,1,0,0,1,0,YES,YES,C:\project\static\Images\Sunscreen\Emina Skin Buddy Sun Protection SPF 30 PA+++.png
69,Skin Buddy Sun Protection SPF 30 PA+++,Emina,Sensitif,"Sensitif, Iritasi ringan, Kekurangan hidrasi, Paparan UV","Hyaluronic Acid, Calendula Extract, Vitamin E (Tocopheryl Acetate)",1,0,1,1,1,0,0,1,0,YES,NO,C:\project\static\Images\Sunscreen\Emina Skin Buddy Sun Protection SPF 30 PA+++.png
70,Skin Buddy Sun Protection SPF 30 PA+++,Emina,Berminyak,"Sensitif, Iritasi ringan, Kekurangan hidrasi, Paparan UV","Hyaluronic Acid, Calendula Extract, Vitamin E (Tocopheryl Acetate)",1,0,1,1,1,0,0,1,0,YES,YES,C:\project\static\Images\Sunscreen\Emina Skin Buddy Sun Protection SPF 30 PA+++.png
71,Skin Buddy Sun Protection SPF 30 PA+++,Emina,Kombinasi,"Sensitif, Iritasi ringan, Kekurangan hidrasi, Paparan UV","Hyaluronic Acid, Calendula Extract, Vitamin E (Tocopheryl Acetate)",1,0,1,1,1,0,0,1,0,YES,YES,C:\project\static\Images\Sunscreen\Emina Skin Buddy Sun Protection SPF 30 PA+++.png
72,Skin Buddy Sun Protection SPF 30 PA+++,Emina,Berjerawat,"Sensitif, Iritasi ringan, Kekurangan hidrasi, Paparan UV","Hyaluronic Acid, Calendula Extract, Vitamin E (Tocopheryl Acetate)",1,0,1,1,1,0,0,1,0,YES,NO,C:\project\static\Images\Sunscreen\Emina Skin Buddy Sun Protection SPF 30 PA+++.png
73,Sun Battle SPF 35 PA+++ Bright Glow Amino + Vit C Airy Barrier Repair,Emina,Normal,"Kusam, Skin barrier rusak, Paparan UV","Amino + Vit C, Niacinamide, Licorice Root Extract",1,0,1,1,1,1,0,1,0,YES,YES,C:\project\static\Images\Sunscreen\Emina Sun Battle SPF 35 PA +++ Bright Glow Amino + Vit C Airy Barrier Repair.png
74,Sun Battle SPF 35 PA+++ Bright Glow Amino + Vit C Airy Barrier Repair,Emina,Kering,"Kusam, Skin barrier rusak, Paparan UV","Amino + Vit C, Niacinamide, Licorice Root Extract",1,0,1,1,1,1,0,1,0,YES,YES,C:\project\static\Images\Sunscreen\Emina Sun Battle SPF 35 PA +++ Bright Glow Amino + Vit C Airy Barrier Repair.png
75,Sun Battle SPF 35 PA+++ Bright Glow Amino + Vit C Airy Barrier Repair,Emina,Sensitif,"Kusam, Skin barrier rusak, Paparan UV","Amino + Vit C, Niacinamide, Licorice Root Extract",1,0,1,1,1,1,0,1,0,YES,NO,C:\project\static\Images\Sunscreen\Emina Sun Battle SPF 35 PA +++ Bright Glow Amino + Vit C Airy Barrier Repair.png
76,Sun Battle SPF 35 PA+++ Bright Glow Amino + Vit C Airy Barrier Repair,Emina,Berminyak,"Kusam, Skin barrier rusak, Paparan UV","Amino + Vit C, Niacinamide, Licorice Root Extract",1,0,1,1,1,1,0,1,0,YES,YES,C:\project\static\Images\Sunscreen\Emina Sun Battle SPF 35 PA +++ Bright Glow Amino + Vit C Airy Barrier Repair.png
77,Sun Battle SPF 35 PA+++ Bright Glow Amino + Vit C Airy Barrier Repair,Emina,Kombinasi,"Kusam, Skin barrier rusak, Paparan UV","Amino + Vit C, Niacinamide, Licorice Root Extract",1,0,1,1,1,1,0,1,0,YES,YES,C:\project\static\Images\Sunscreen\Emina Sun Battle SPF 35 PA +++ Bright Glow Amino + Vit C Airy Barrier Repair.png
78,Sun Battle SPF 35 PA+++ Bright Glow Amino + Vit C Airy Barrier Repair,Emina,Berjerawat,"Kusam, Skin barrier rusak, Paparan UV","Amino + Vit C, Niacinamide, Licorice Root Extract",1,0,1,1,1,1,0,1,0,YES,NO,C:\project\static\Images\Sunscreen\Emina Sun Battle SPF 35 PA +++ Bright Glow Amino + Vit C Airy Barrier Repair.png
79,Sun Battle SPF 45 PA+++,Emina,Normal,"Kusam, Paparan UV, Polusi","Grape Leaf Extract, Bisabolol",1,0,1,1,1,0,0,1,0,YES,YES,C:\project\static\Images\Sunscreen\Emina Sun Battle SPF 45 PA+++.png
80,Sun Battle SPF 45 PA+++,Emina,Kering,"Kusam, Paparan UV, Polusi","Grape Leaf Extract, Bisabolol",1,0,1,1,1,0,0,1,0,YES,YES,C:\project\static\Images\Sunscreen\Emina Sun Battle SPF 45 PA+++.png
81,Sun Battle SPF 45 PA+++,Emina,Sensitif,"Kusam, Paparan UV, Polusi","Grape Leaf Extract, Bisabolol",1,0,1,1,1,0,0,1,0,YES,NO,C:\project\static\Images\Sunscreen\Emina Sun Battle SPF 45 PA+++.png
82,Sun Battle SPF 45 PA+++,Emina,Berminyak,"Kusam, Paparan UV, Polusi","Grape Leaf Extract, Bisabolol",1,0,1,1,1,0,0,1,0,YES,YES,C:\project\static\Images\Sunscreen\Emina Sun Battle SPF 45 PA+++.png
83,Sun Battle SPF 45 PA+++,Emina,Kombinasi,"Kusam, Paparan UV, Polusi","Grape Leaf Extract, Bisabolol",1,0,1,1,1,0,0,1,0,YES,YES,C:\project\static\Images\Sunscreen\Emina Sun Battle SPF 45 PA+++.png
84,Sun Battle SPF 45 PA+++,Emina,Berjerawat,"Kusam, Paparan UV, Polusi","Grape Leaf Extract, Bisabolol",1,0,1,1,1,0,0,1,0,YES,NO,C:\project\static\Images\Sunscreen\Emina Sun Battle SPF 45 PA+++.png
85,The Great Shield Sun-Essence SPF 50 PA++++,Avoskin,Normal,"Pori besar, Kusam, Paparan UV","Silica, Allantoin, Chamomile Flower Extract, Sodium Hyaluronate, Ethyl Ascorbic Acid",1,1,1,1,1,1,0,1,0,YES,YES,C:\project\static\Images\Sunscreen\Avoskin The Great Shield Sun-Essence SPF 50 PA++++.png
86,The Great Shield Sun-Essence SPF 50 PA++++,Avoskin,Kering,"Pori besar, Kusam, Paparan UV","Silica, Allantoin, Chamomile Flower Extract, Sodium Hyaluronate, Ethyl Ascorbic Acid",1,1,1,1,1,1,0,1,0,YES,YES,C:\project\static\Images\Sunscreen\Avoskin The Great Shield Sun-Essence SPF 50 PA++++.png
87,The Great Shield Sun-Essence SPF 50 PA++++,Avoskin,Sensitif,"Pori besar, Kusam, Paparan UV","Silica, Allantoin, Chamomile Flower Extract, Sodium Hyaluronate, Ethyl Ascorbic Acid",1,1,1,1,1,1,0,1,0,YES,YES,C:\project\static\Images\Sunscreen\Avoskin The Great Shield Sun-Essence SPF 50 PA++++.png
88,The Great Shield Sun-Essence SPF 50 PA++++,Avoskin,Berminyak,"Pori besar, Kusam, Paparan UV","Silica, Allantoin, Chamomile Flower Extract, Sodium Hyaluronate, Ethyl Ascorbic Acid",1,1,1,1,1,1,0,1,0,YES,YES,C:\project\static\Images\Sunscreen\Avoskin The Great Shield Sun-Essence SPF 50 PA++++.png
89,The Great Shield Sun-Essence SPF 50 PA++++,Avoskin,Kombinasi,"Pori besar, Kusam, Paparan UV","Silica, Allantoin, Chamomile Flower Extract, Sodium Hyaluronate, Ethyl Ascorbic Acid",1,1,1,1,1,1,0,1,0,YES,YES,C:\project\static\Images\Sunscreen\Avoskin The Great Shield Sun-Essence SPF 50 PA++++.png
90,The Great Shield Sun-Essence SPF 50 PA++++,Avoskin,Berjerawat,"Pori besar, Kusam, Paparan UV","Silica, Allantoin, Chamomile Flower Extract, Sodium Hyaluronate, Ethyl Ascorbic Acid",1,1,1,1,1,1,0,1,0,YES,NO,C:\project\static\Images\Sunscreen\Avoskin The Great Shield Sun-Essence SPF 50 PA++++.png
91,YSB Shield of Sun Essence SPF 50 PA++++,Avoskin,Normal,"Kulit kusam, Iritasi ringan, Kering, Paparan UV","Sodium Hyaluronate, Allantoin, Ethyl Ascorbic Acid, Chamomile Flower Extract",1,1,1,1,1,1,0,1,0,YES,YES,C:\project\static\Images\Sunscreen\Avoskin YSB Shield of Sun Essence SPF 50 PA++++.png
92,YSB Shield of Sun Essence SPF 50 PA++++,Avoskin,Kering,"Kulit kusam, Iritasi ringan, Kering, Paparan UV","Sodium Hyaluronate, Allantoin, Ethyl Ascorbic Acid, Chamomile Flower Extract",1,1,1,1,1,1,0,1,0,YES,YES,C:\project\static\Images\Sunscreen\Avoskin YSB Shield of Sun Essence SPF 50 PA++++.png
93,YSB Shield of Sun Essence SPF 50 PA++++,Avoskin,Sensitif,"Kulit kusam, Iritasi ringan, Kering, Paparan UV","Sodium Hyaluronate, Allantoin, Ethyl Ascorbic Acid, Chamomile Flower Extract",1,1,1,1,1,1,0,1,0,YES,YES,C:\project\static\Images\Sunscreen\Avoskin YSB Shield of Sun Essence SPF 50 PA++++.png
94,YSB Shield of Sun Essence SPF 50 PA++++,Avoskin,Berminyak,"Kulit kusam, Iritasi ringan, Kering, Paparan UV","Sodium Hyaluronate, Allantoin, Ethyl Ascorbic Acid, Chamomile Flower Extract",1,1,1,1,1,1,0,1,0,YES,YES,C:\project\static\Images\Sunscreen\Avoskin YSB Shield of Sun Essence SPF 50 PA++++.png
95,YSB Shield of Sun Essence SPF 50 PA++++,Avoskin,Kombinasi,"Kulit kusam, Iritasi ringan, Kering, Paparan UV","Sodium Hyaluronate, Allantoin, Ethyl Ascorbic Acid, Chamomile Flower Extract",1,1,1,1,1,1,0,1,0,YES,YES,C:\project\static\Images\Sunscreen\Avoskin YSB Shield of Sun Essence SPF 50 PA++++.png
96,YSB Shield of Sun Essence SPF 50 PA++++,Avoskin,Berjerawat,"Kulit kusam, Iritasi ringan, Kering, Paparan UV","Sodium Hyaluronate, Allantoin, Ethyl Ascorbic Acid, Chamomile Flower Extract",1,1,1,1,1,1,0,1,0,YES,NO,C:\project\static\Images\Sunscreen\Avoskin YSB Shield of Sun Essence SPF 50 PA++++.png
97,The Great Shield SPF 50 PA++++,Avoskin,Normal,"Kusam, Paparan UV, Polusi","Zinc Oxide, Niacinamide, Centella Asiatica, Vitamin C",1,1,1,1,1,1,1,1,0,YES,YES,C:\project\static\Images\Sunscreen\Avoskin The Great Shield SPF 50 PA++++.png
98,The Great Shield SPF 50 PA++++,Avoskin,Kering,"Kusam, Paparan UV, Polusi","Zinc Oxide, Niacinamide, Centella Asiatica, Vitamin C",1,1,1,1,1,1,1,1,0,YES,YES,C:\project\static\Images\Sunscreen\Avoskin The Great Shield SPF 50 PA++++.png
99,The Great Shield SPF 50 PA++++,Avoskin,Sensitif,"Kusam, Paparan UV, Polusi","Zinc Oxide, Niacinamide, Centella Asiatica, Vitamin C",1,1,1,1,1,1,1,1,0,YES,YES,C:\project\static\Images\Sunscreen\Avoskin The Great Shield SPF 50 PA++++.png
100,The Great Shield SPF 50 PA++++,Avoskin,Berminyak,"Kusam, Paparan UV, Polusi","Zinc Oxide, Niacinamide, Centella Asiatica, Vitamin C",1,1,1,1,1,1,1,1,0,YES,YES,C:\project\static\Images\Sunscreen\Avoskin The Great Shield SPF 50 PA++++.png
101,The Great Shield SPF 50 PA++++,Avoskin,Kombinasi,"Kusam, Paparan UV, Polusi","Zinc Oxide, Niacinamide, Centella Asiatica, Vitamin C",1,1,1,1,1,1,1,1,0,YES,YES,C:\project\static\Images\Sunscreen\Avoskin The Great Shield SPF 50 PA++++.png
102,The Great Shield SPF 50 PA++++,Avoskin,Berjerawat,"Kusam, Paparan UV, Polusi","Zinc Oxide, Niacinamide, Centella Asiatica, Vitamin C",1,1,1,1,1,1,1,1,0,YES,YES,C:\project\static\Images\Sunscreen\Avoskin The Great Shield SPF 50 PA++++.png
103,Cica Beat The Sun Spray,NPURE,Normal,"Kulit terpapar sinar UV, Kusam, Skin barrier rusak","5X UV Protection, Organic Centella Extract, Ceramide",1,0,1,1,1,0,1,1,0,YES,YES,C:\project\static\Images\Sunscreen\NPURE Cica Beat The Sun Spray.png
104,Cica Beat The Sun Spray,NPURE,Kering,"Kulit terpapar sinar UV, Kusam, Skin barrier rusak","5X UV Protection, Organic Centella Extract, Ceramide",1,0,1,1,1,0,1,1,0,YES,YES,C:\project\static\Images\Sunscreen\NPURE Cica Beat The Sun Spray.png
105,Cica Beat The Sun Spray,NPURE,Sensitif,"Kulit terpapar sinar UV, Kusam, Skin barrier rusak","5X UV Protection, Organic Centella Extract, Ceramide",1,0,1,1,1,0,1,1,0,YES,NO,C:\project\static\Images\Sunscreen\NPURE Cica Beat The Sun Spray.png
106,Cica Beat The Sun Spray,NPURE,Berminyak,"Kulit terpapar sinar UV, Kusam, Skin barrier rusak","5X UV Protection, Organic Centella Extract, Ceramide",1,0,1,1,1,0,1,1,0,YES,YES,C:\project\static\Images\Sunscreen\NPURE Cica Beat The Sun Spray.png
107,Cica Beat The Sun Spray,NPURE,Kombinasi,"Kulit terpapar sinar UV, Kusam, Skin barrier rusak","5X UV Protection, Organic Centella Extract, Ceramide",1,0,1,1,1,0,1,1,0,YES,YES,C:\project\static\Images\Sunscreen\NPURE Cica Beat The Sun Spray.png
108,Cica Beat The Sun Spray,NPURE,Berjerawat,"Kulit terpapar sinar UV, Kusam, Skin barrier rusak","5X UV Protection, Organic Centella Extract, Ceramide",1,0,1,1,1,0,1,1,0,YES,YES,C:\project\static\Images\Sunscreen\NPURE Cica Beat The Sun Spray.png
109,Cica Beat The Sun Matte,NPURE,Normal,"Minyak berlebih, Sensitif, Kusam, Paparan UV, Flek hitam","Organic Centella Asiatica Extract, 5X UV Protection Agents",1,1,1,1,1,0,1,1,0,YES,YES,C:\project\static\Images\Sunscreen\NPURE Cica Beat The Sun Matte.png
110,Cica Beat The Sun Matte,NPURE,Kering,"Minyak berlebih, Sensitif, Kusam, Paparan UV, Flek hitam","Organic Centella Asiatica Extract, 5X UV Protection Agents",1,1,1,1,1,0,1,1,0,YES,YES,C:\project\static\Images\Sunscreen\NPURE Cica Beat The Sun Matte.png
111,Cica Beat The Sun Matte,NPURE,Sensitif,"Minyak berlebih, Sensitif, Kusam, Paparan UV, Flek hitam","Organic Centella Asiatica Extract, 5X UV Protection Agents",1,1,1,1,1,0,1,1,0,YES,YES,C:\project\static\Images\Sunscreen\NPURE Cica Beat The Sun Matte.png
112,Cica Beat The Sun Matte,NPURE,Berminyak,"Minyak berlebih, Sensitif, Kusam, Paparan UV, Flek hitam","Organic Centella Asiatica Extract, 5X UV Protection Agents",1,1,1,1,1,0,1,1,0,YES,YES,C:\project\static\Images\Sunscreen\NPURE Cica Beat The Sun Matte.png
113,Cica Beat The Sun Matte,NPURE,Kombinasi,"Minyak berlebih, Sensitif, Kusam, Paparan UV, Flek hitam","Organic Centella Asiatica Extract, 5X UV Protection Agents",1,1,1,1,1,0,1,1,0,YES,YES,C:\project\static\Images\Sunscreen\NPURE Cica Beat The Sun Matte.png
114,Cica Beat The Sun Matte,NPURE,Berjerawat,"Minyak berlebih, Sensitif, Kusam, Paparan UV, Flek hitam","Organic Centella Asiatica Extract, 5X UV Protection Agents",1,1,1,1,1,0,1,1,0,YES,YES,C:\project\static\Images\Sunscreen\NPURE Cica Beat The Sun Matte.png
115,Cica Beat The Sun Glow,NPURE,Normal,"Kering, Iritasi ringan, Paparan UV","100% Natural Cica Leaf Water, Ekstrak Chrysanthemum, Ekstrak Chamomile, Ekstrak Daun Camellia",1,1,1,0,1,0,1,1,0,YES,YES,C:\project\static\Images\Sunscreen\NPURE Cica Beat The Sun Glow.png
116,Cica Beat The Sun Glow,NPURE,Kering,"Kering, Iritasi ringan, Paparan UV","100% Natural Cica Leaf Water, Ekstrak Chrysanthemum, Ekstrak Chamomile, Ekstrak Daun Camellia",1,1,1,0,1,0,1,1,0,YES,YES,C:\project\static\Images\Sunscreen\NPURE Cica Beat The Sun Glow.png
117,Cica Beat The Sun Glow,NPURE,Sensitif,"Kering, Iritasi ringan, Paparan UV","100% Natural Cica Leaf Water, Ekstrak Chrysanthemum, Ekstrak Chamomile, Ekstrak Daun Camellia",1,1,1,0,1,0,1,1,0,YES,YES,C:\project\static\Images\Sunscreen\NPURE Cica Beat The Sun Glow.png
118,Cica Beat The Sun Glow,NPURE,Berminyak,"Kering, Iritasi ringan, Paparan UV","100% Natural Cica Leaf Water, Ekstrak Chrysanthemum, Ekstrak Chamomile, Ekstrak Daun Camellia",1,1,1,0,1,0,1,1,0,YES,NO,C:\project\static\Images\Sunscreen\NPURE Cica Beat The Sun Glow.png
119,Cica Beat The Sun Glow,NPURE,Kombinasi,"Kering, Iritasi ringan, Paparan UV","100% Natural Cica Leaf Water, Ekstrak Chrysanthemum, Ekstrak Chamomile, Ekstrak Daun Camellia",1,1,1,0,1,0,1,1,0,YES,YES,C:\project\static\Images\Sunscreen\NPURE Cica Beat The Sun Glow.png
120,Cica Beat The Sun Glow,NPURE,Berjerawat,"Kering, Iritasi ringan, Paparan UV","100% Natural Cica Leaf Water, Ekstrak Chrysanthemum, Ekstrak Chamomile, Ekstrak Daun Camellia",1,1,1,0,1,0,1,1,0,YES,YES,C:\project\static\Images\Sunscreen\NPURE Cica Beat The Sun Glow.png
121,Calm My Acne Sunscreen Moisturiser SPF 35 PA+++,Azarine,Normal,"Kulit berminyak, Berjerawat, Kemerahan, Pori besar, Terpapar UV","Bakuchiol, Ectoin, Bisabolol, Epilobium Angustifolium Extract",1,1,1,1,1,0,1,1,0,YES,YES,C:\project\static\Images\Sunscreen\Azarine Calm My Acne Sunscreen Moisturiser SPF 35 PA+++.png
122,Calm My Acne Sunscreen Moisturiser SPF 35 PA+++,Azarine,Kering,"Kulit berminyak, Berjerawat, Kemerahan, Pori besar, Terpapar UV","Bakuchiol, Ectoin, Bisabolol, Epilobium Angustifolium Extract",1,1,1,1,1,0,1,1,0,YES,YES,C:\project\static\Images\Sunscreen\Azarine Calm My Acne Sunscreen Moisturiser SPF 35 PA+++.png
123,Calm My Acne Sunscreen Moisturiser SPF 35 PA+++,Azarine,Sensitif,"Kulit berminyak, Berjerawat, Kemerahan, Pori besar, Terpapar UV","Bakuchiol, Ectoin, Bisabolol, Epilobium Angustifolium Extract",1,1,1,1,1,0,1,1,0,YES,YES,C:\project\static\Images\Sunscreen\Azarine Calm My Acne Sunscreen Moisturiser SPF 35 PA+++.png
124,Calm My Acne Sunscreen Moisturiser SPF 35 PA+++,Azarine,Berminyak,"Kulit berminyak, Berjerawat, Kemerahan, Pori besar, Terpapar UV","Bakuchiol, Ectoin, Bisabolol, Epilobium Angustifolium Extract",1,1,1,1,1,0,1,1,0,YES,YES,C:\project\static\Images\Sunscreen\Azarine Calm My Acne Sunscreen Moisturiser SPF 35 PA+++.png
125,Calm My Acne Sunscreen Moisturiser SPF 35 PA+++,Azarine,Kombinasi,"Kulit berminyak, Berjerawat, Kemerahan, Pori besar, Terpapar UV","Bakuchiol, Ectoin, Bisabolol, Epilobium Angustifolium Extract",1,1,1,1,1,0,1,1,0,YES,YES,C:\project\static\Images\Sunscreen\Azarine Calm My Acne Sunscreen Moisturiser SPF 35 PA+++.png
126,Calm My Acne Sunscreen Moisturiser SPF 35 PA+++,Azarine,Berjerawat,"Kulit berminyak, Berjerawat, Kemerahan, Pori besar, Terpapar UV","Bakuchiol, Ectoin, Bisabolol, Epilobium Angustifolium Extract",1,1,1,1,1,0,1,1,0,YES,YES,C:\project\static\Images\Sunscreen\Azarine Calm My Acne Sunscreen Moisturiser SPF 35 PA+++.png
127,Hydramax-C Sunscreen Serum,Azarine,Normal,"Kusam, Kering ringan, Terpapar UV","Hyaluronic Acid, Vitamin C & E, Ectoin",1,1,1,0,1,1,0,1,0,YES,YES,C:\project\static\Images\Sunscreen\Azarine Hydramax-C Sunscreen Serum.png
128,Hydramax-C Sunscreen Serum,Azarine,Kering,"Kusam, Kering ringan, Terpapar UV","Hyaluronic Acid, Vitamin C & E, Ectoin",1,1,1,0,1,1,0,1,0,YES,YES,C:\project\static\Images\Sunscreen\Azarine Hydramax-C Sunscreen Serum.png
129,Hydramax-C Sunscreen Serum,Azarine,Sensitif,"Kusam, Kering ringan, Terpapar UV","Hyaluronic Acid, Vitamin C & E, Ectoin",1,1,1,0,1,1,0,1,0,YES,YES,C:\project\static\Images\Sunscreen\Azarine Hydramax-C Sunscreen Serum.png
130,Hydramax-C Sunscreen Serum,Azarine,Berminyak,"Kusam, Kering ringan, Terpapar UV","Hyaluronic Acid, Vitamin C & E, Ectoin",1,1,1,0,1,1,0,1,0,YES,NO,C:\project\static\Images\Sunscreen\Azarine Hydramax-C Sunscreen Serum.png
131,Hydramax-C Sunscreen Serum,Azarine,Kombinasi,"Kusam, Kering ringan, Terpapar UV","Hyaluronic Acid, Vitamin C & E, Ectoin",1,1,1,0,1,1,0,1,0,YES,YES,C:\project\static\Images\Sunscreen\Azarine Hydramax-C Sunscreen Serum.png
132,Hydramax-C Sunscreen Serum,Azarine,Berjerawat,"Kusam, Kering ringan, Terpapar UV","Hyaluronic Acid, Vitamin C & E, Ectoin",1,1,1,0,1,1,0,1,0,YES,NO,C:\project\static\Images\Sunscreen\Azarine Hydramax-C Sunscreen Serum.png
133,Hydrashoothe Sunscreen Gel SPF 45+++,Azarine,Normal,"Kusam, Iritasi ringan, Pori besar, Terpapar UV","Propolis, Aloe Vera, Green Tea, Pomegranate, Niacinamide, Hyaluronic Acid",1,0,1,1,1,1,1,1,0,YES,YES,C:\project\static\Images\Sunscreen\Azarine Hydrashoothe Sunscreen Gel Spf45+++.png
134,Hydrashoothe Sunscreen Gel SPF 45+++,Azarine,Kering,"Kusam, Iritasi ringan, Pori besar, Terpapar UV","Propolis, Aloe Vera, Green Tea, Pomegranate, Niacinamide, Hyaluronic Acid",1,0,1,1,1,1,1,1,0,YES,YES,C:\project\static\Images\Sunscreen\Azarine Hydrashoothe Sunscreen Gel Spf45+++.png
135,Hydrashoothe Sunscreen Gel SPF 45+++,Azarine,Sensitif,"Kusam, Iritasi ringan, Pori besar, Terpapar UV","Propolis, Aloe Vera, Green Tea, Pomegranate, Niacinamide, Hyaluronic Acid",1,0,1,1,1,1,1,1,0,YES,NO,C:\project\static\Images\Sunscreen\Azarine Hydrashoothe Sunscreen Gel Spf45+++.png
136,Hydrashoothe Sunscreen Gel SPF 45+++,Azarine,Berminyak,"Kusam, Iritasi ringan, Pori besar, Terpapar UV","Propolis, Aloe Vera, Green Tea, Pomegranate, Niacinamide, Hyaluronic Acid",1,0,1,1,1,1,1,1,0,YES,YES,C:\project\static\Images\Sunscreen\Azarine Hydrashoothe Sunscreen Gel Spf45+++.png
137,Hydrashoothe Sunscreen Gel SPF 45+++,Azarine,Kombinasi,"Kusam, Iritasi ringan, Pori besar, Terpapar UV","Propolis, Aloe Vera, Green Tea, Pomegranate, Niacinamide, Hyaluronic Acid",1,0,1,1,1,1,1,1,0,YES,YES,C:\project\static\Images\Sunscreen\Azarine Hydrashoothe Sunscreen Gel Spf45+++.png
138,Hydrashoothe Sunscreen Gel SPF 45+++,Azarine,Berjerawat,"Kusam, Iritasi ringan, Pori besar, Terpapar UV","Propolis, Aloe Vera, Green Tea, Pomegranate, Niacinamide, Hyaluronic Acid",1,0,1,1,1,1,1,1,0,YES,YES,C:\project\static\Images\Sunscreen\Azarine Hydrashoothe Sunscreen Gel Spf45+++.png
139,Hydracool Ceraspray Sunscreen SPF 50 PA+++,Azarine,Normal,"Kusam, Kering ringan, Terpapar UV & blue light","Collagen Water, 7x Ceramides, CICA, Bisabolol",0,0,1,1,1,0,1,1,0,YES,YES,C:\project\static\Images\Sunscreen\Azarine Hydracool Ceraspray Sunscreen SPF50 PA+++.png
140,Hydracool Ceraspray Sunscreen SPF 50 PA+++,Azarine,Kering,"Kusam, Kering ringan, Terpapar UV & blue light","Collagen Water, 7x Ceramides, CICA, Bisabolol",0,0,1,1,1,0,1,1,0,YES,YES,C:\project\static\Images\Sunscreen\Azarine Hydracool Ceraspray Sunscreen SPF50 PA+++.png
141,Hydracool Ceraspray Sunscreen SPF 50 PA+++,Azarine,Sensitif,"Kusam, Kering ringan, Terpapar UV & blue light","Collagen Water, 7x Ceramides, CICA, Bisabolol",0,0,1,1,1,0,1,1,0,YES,NO,C:\project\static\Images\Sunscreen\Azarine Hydracool Ceraspray Sunscreen SPF50 PA+++.png
142,Hydracool Ceraspray Sunscreen SPF 50 PA+++,Azarine,Berminyak,"Kusam, Kering ringan, Terpapar UV & blue light","Collagen Water, 7x Ceramides, CICA, Bisabolol",0,0,1,1,1,0,1,1,0,YES,YES,C:\project\static\Images\Sunscreen\Azarine Hydracool Ceraspray Sunscreen SPF50 PA+++.png
143,Hydracool Ceraspray Sunscreen SPF 50 PA+++,Azarine,Kombinasi,"Kusam, Kering ringan, Terpapar UV & blue light","Collagen Water, 7x Ceramides, CICA, Bisabolol",0,0,1,1,1,0,1,1,0,YES,YES,C:\project\static\Images\Sunscreen\Azarine Hydracool Ceraspray Sunscreen SPF50 PA+++.png
144,Hydracool Ceraspray Sunscreen SPF 50 PA+++,Azarine,Berjerawat,"Kusam, Kering ringan, Terpapar UV & blue light","Collagen Water, 7x Ceramides, CICA, Bisabolol",0,0,1,1,1,0,1,1,0,YES,YES,C:\project\static\Images\Sunscreen\Azarine Hydracool Ceraspray Sunscreen SPF50 PA+++.png
145,Daily Protection For Acne Skin,Elsheskin,Normal,"Berjerawat, Komedo, Berminyak berlebih, Pori besar, Terpapar UV","UV Filter Broad Spectrum, Salicylic Acid, Sulfur",0,1,1,1,1,1,1,1,0,YES,YES,C:\project\static\Images\Sunscreen\Elsheskin Daily Protection For Acne Skin.png
146,Daily Protection For Acne Skin,Elsheskin,Kering,"Berjerawat, Komedo, Berminyak berlebih, Pori besar, Terpapar UV","UV Filter Broad Spectrum, Salicylic Acid, Sulfur",0,1,1,1,1,1,1,1,0,YES,YES,C:\project\static\Images\Sunscreen\Elsheskin Daily Protection For Acne Skin.png
147,Daily Protection For Acne Skin,Elsheskin,Sensitif,"Berjerawat, Komedo, Berminyak berlebih, Pori besar, Terpapar UV","UV Filter Broad Spectrum, Salicylic Acid, Sulfur",0,1,1,1,1,1,1,1,0,YES,NO,C:\project\static\Images\Sunscreen\Elsheskin Daily Protection For Acne Skin.png
148,Daily Protection For Acne Skin,Elsheskin,Berminyak,"Berjerawat, Komedo, Berminyak berlebih, Pori besar, Terpapar UV","UV Filter Broad Spectrum, Salicylic Acid, Sulfur",0,1,1,1,1,1,1,1,0,YES,YES,C:\project\static\Images\Sunscreen\Elsheskin Daily Protection For Acne Skin.png
149,Daily Protection For Acne Skin,Elsheskin,Kombinasi,"Berjerawat, Komedo, Berminyak berlebih, Pori besar, Terpapar UV","UV Filter Broad Spectrum, Salicylic Acid, Sulfur",0,1,1,1,1,1,1,1,0,YES,YES,C:\project\static\Images\Sunscreen\Elsheskin Daily Protection For Acne Skin.png
150,Daily Protection For Acne Skin,Elsheskin,Berjerawat,"Berjerawat, Komedo, Berminyak berlebih, Pori besar, Terpapar UV","UV Filter Broad Spectrum, Salicylic Acid, Sulfur",0,1,1,1,1,1,1,1,0,YES,YES,C:\project\static\Images\Sunscreen\Elsheskin Daily Protection For Acne Skin.png
151,Perfect Shield Active Light Sunscreen,ERHA,Normal,"Mudah iritasi, Mudah berkeringat, Terpapar UV, Aktivitas outdoor","UVA & UVB Protection, Vitamin E, D-Panthenol, Soothing Agents",1,1,1,1,1,0,1,1,0,YES,YES,C:\project\static\Images\Sunscreen\ERHA Perfect Shield Active Light Sunscreen.png
152,Perfect Shield Active Light Sunscreen,ERHA,Kering,"Mudah iritasi, Mudah berkeringat, Terpapar UV, Aktivitas outdoor","Pelindung UVA & UVB, Vitamin E, D-Panthenol, Soothing Agents",1,1,1,1,1,0,1,1,0,YES,YES,C:\project\static\Images\Sunscreen\ERHA Perfect Shield Active Light Sunscreen.png
153,Perfect Shield Active Light Sunscreen,ERHA,Sensitif,"Mudah iritasi, Mudah berkeringat, Terpapar UV, Aktivitas outdoor","Pelindung UVA & UVB, Vitamin E, D-Panthenol, Soothing Agents",1,1,1,1,1,0,1,1,0,YES,YES,C:\project\static\Images\Sunscreen\ERHA Perfect Shield Active Light Sunscreen.png
154,Perfect Shield Active Light Sunscreen,ERHA,Berminyak,"Mudah iritasi, Mudah berkeringat, Terpapar UV, Aktivitas outdoor","Pelindung UVA & UVB, Vitamin E, D-Panthenol, Soothing Agents",1,1,1,1,1,0,1,1,0,YES,YES,C:\project\static\Images\Sunscreen\ERHA Perfect Shield Active Light Sunscreen.png
155,Perfect Shield Active Light Sunscreen,ERHA,Kombinasi,"Mudah iritasi, Mudah berkeringat, Terpapar UV, Aktivitas outdoor","Pelindung UVA & UVB, Vitamin E, D-Panthenol, Soothing Agents",1,1,1,1,1,0,1,1,0,YES,YES,C:\project\static\Images\Sunscreen\ERHA Perfect Shield Active Light Sunscreen.png
156,Perfect Shield Active Light Sunscreen,ERHA,Berjerawat,"Mudah iritasi, Mudah berkeringat, Terpapar UV, Aktivitas outdoor","Pelindung UVA & UVB, Vitamin E, D-Panthenol, Soothing Agents",1,1,1,1,1,0,1,1,0,YES,YES,C:\project\static\Images\Sunscreen\ERHA Perfect Shield Active Light Sunscreen.png
157,Perfect Shield Clearly Light Sunscreen,ERHA,Normal,"Iritasi ringan, Terpapar UV & Polusi, Radikal bebas","Antioxidant Complex, UVA & UVB Protection, Anti-pollution, Moisturizing & Soothing Agents",1,1,1,1,1,0,0,1,0,YES,YES,C:\project\static\Images\Sunscreen\ERHA Perfect Shield Clearly Light Sunscreen.png
158,Perfect Shield Clearly Light Sunscreen,ERHA,Kering,"Iritasi ringan, Terpapar UV & Polusi, Radikal bebas","Antioxidant Complex, UVA & UVB Protection, Anti-pollution, Moisturizing & Soothing Agents",1,1,1,1,1,0,0,1,0,YES,YES,C:\project\static\Images\Sunscreen\ERHA Perfect Shield Clearly Light Sunscreen.png
159,Perfect Shield Clearly Light Sunscreen,ERHA,Sensitif,"Iritasi ringan, Terpapar UV & Polusi, Radikal bebas","Antioxidant Complex, UVA & UVB Protection, Anti-pollution, Moisturizing & Soothing Agents",1,1,1,1,1,0,0,1,0,YES,YES,C:\project\static\Images\Sunscreen\ERHA Perfect Shield Clearly Light Sunscreen.png
160,Perfect Shield Clearly Light Sunscreen,ERHA,Berminyak,"Iritasi ringan, Terpapar UV & Polusi, Radikal bebas","Antioxidant Complex, UVA & UVB Protection, Anti-pollution, Moisturizing & Soothing Agents",1,1,1,1,1,0,0,1,0,YES,YES,C:\project\static\Images\Sunscreen\ERHA Perfect Shield Clearly Light Sunscreen.png
161,Perfect Shield Clearly Light Sunscreen,ERHA,Kombinasi,"Iritasi ringan, Terpapar UV & Polusi, Radikal bebas","Antioxidant Complex, UVA & UVB Protection, Anti-pollution, Moisturizing & Soothing Agents",1,1,1,1,1,0,0,1,0,YES,YES,C:\project\static\Images\Sunscreen\ERHA Perfect Shield Clearly Light Sunscreen.png
162,Perfect Shield Clearly Light Sunscreen,ERHA,Berjerawat,"Iritasi ringan, Terpapar UV & Polusi, Radikal bebas","Antioxidant Complex, UVA & UVB Protection, Anti-pollution, Moisturizing & Soothing Agents",1,1,1,1,1,0,0,1,0,YES,NO,C:\project\static\Images\Sunscreen\ERHA Perfect Shield Clearly Light Sunscreen.png
163,Perfect Shield Hydra Light Sunscreen,ERHA,Normal,"Kering ringan, Hidrasi, Terpapar UV, Radikal bebas","Antioxidant Complex, 7X Moisturizing Agents, Antioxidant Complex, Anti-pollution",1,1,1,0,1,1,0,1,0,YES,YES,C:\project\static\Images\Sunscreen\ERHA Perfect Shield Hydra Light Sunscreen.png
164,Perfect Shield Hydra Light Sunscreen,ERHA,Kering,"Kering ringan, Hidrasi, Terpapar UV, Radikal bebas","Antioxidant Complex, 7X Moisturizing Agents, Antioxidant Complex, Anti-pollution",1,1,1,0,1,1,0,1,0,YES,YES,C:\project\static\Images\Sunscreen\ERHA Perfect Shield Hydra Light Sunscreen.png
165,Perfect Shield Hydra Light Sunscreen,ERHA,Sensitif,"Kering ringan, Hidrasi, Terpapar UV, Radikal bebas","Antioxidant Complex, 7X Moisturizing Agents, Antioxidant Complex, Anti-pollution",1,1,1,0,1,1,0,1,0,YES,YES,C:\project\static\Images\Sunscreen\ERHA Perfect Shield Hydra Light Sunscreen.png
166,Perfect Shield Hydra Light Sunscreen,ERHA,Berminyak,"Kering ringan, Hidrasi, Terpapar UV, Radikal bebas","Antioxidant Complex, 7X Moisturizing Agents, Antioxidant Complex, Anti-pollution",1,1,1,0,1,1,0,1,0,YES,NO,C:\project\static\Images\Sunscreen\ERHA Perfect Shield Hydra Light Sunscreen.png
167,Perfect Shield Hydra Light Sunscreen,ERHA,Kombinasi,"Kering ringan, Hidrasi, Terpapar UV, Radikal bebas","Antioxidant Complex, 7X Moisturizing Agents, Antioxidant Complex, Anti-pollution",1,1,1,0,1,1,0,1,0,YES,YES,C:\project\static\Images\Sunscreen\ERHA Perfect Shield Hydra Light Sunscreen.png
168,Perfect Shield Hydra Light Sunscreen,ERHA,Berjerawat,"Kering ringan, Hidrasi, Terpapar UV, Radikal bebas","Antioxidant Complex, 7X Moisturizing Agents, Antioxidant Complex, Anti-pollution",1,1,1,0,1,1,0,1,0,YES,NO,C:\project\static\Images\Sunscreen\ERHA Perfect Shield Hydra Light Sunscreen.png
169,Perfect Shield Helios Daily Sunscreen,ERHA,Normal,"Sering terpapar polusi & blue light, Tanda penuaan dini, Berjerawat ringan","PM 2.5 Anti-Pollution, SPF 50 PA+++, Complex Antioksidan",1,1,1,1,1,1,1,1,0,YES,YES,C:\project\static\Images\Sunscreen\ERHA Perfect Shield Helios.png
170,Perfect Shield Helios Daily Sunscreen,ERHA,Kering,"Sering terpapar polusi & blue light, Tanda penuaan dini, Berjerawat ringan","PM 2.5 Anti-Pollution, SPF 50 PA+++, Complex Antioksidan",1,1,1,1,1,1,1,1,0,YES,YES,C:\project\static\Images\Sunscreen\ERHA Perfect Shield Helios.png
171,Perfect Shield Helios Daily Sunscreen,ERHA,Sensitif,"Sering terpapar polusi & blue light, Tanda penuaan dini, Berjerawat ringan","PM 2.5 Anti-Pollution, SPF 50 PA+++, Complex Antioksidan",1,1,1,1,1,1,1,1,0,YES,YES,C:\project\static\Images\Sunscreen\ERHA Perfect Shield Helios.png
172,Perfect Shield Helios Daily Sunscreen,ERHA,Berminyak,"Sering terpapar polusi & blue light, Tanda penuaan dini, Berjerawat ringan","PM 2.5 Anti-Pollution, SPF 50 PA+++, Complex Antioksidan",1,1,1,1,1,1,1,1,0,YES,YES,C:\project\static\Images\Sunscreen\ERHA Perfect Shield Helios.png
173,Perfect Shield Helios Daily Sunscreen,ERHA,Kombinasi,"Sering terpapar polusi & blue light, Tanda penuaan dini, Berjerawat ringan","PM 2.5 Anti-Pollution, SPF 50 PA+++, Complex Antioksidan",1,1,1,1,1,1,1,1,0,YES,YES,C:\project\static\Images\Sunscreen\ERHA Perfect Shield Helios.png
174,Perfect Shield Helios Daily Sunscreen,ERHA,Berjerawat,"Sering terpapar polusi & blue light, Tanda penuaan dini, Berjerawat ringan","PM 2.5 Anti-Pollution, SPF 50 PA+++, Complex Antioksidan",1,1,1,1,1,1,1,1,0,YES,YES,C:\project\static\Images\Sunscreen\ERHA Perfect Shield Helios.png
175,Perfect Shield Sunscreen Spray,ERHA,Normal,"Butuh hidrasi, Butuh perlindungan UV cepat & hidrasi ringan","SPF 50 PA++++, Antioksidan, Triple Moisture Complex",1,1,1,1,1,0,1,1,0,YES,YES,C:\project\static\Images\Sunscreen\ERHA Perfect Shield Suncreen Spray.png
176,Perfect Shield Sunscreen Spray,ERHA,Kering,"Butuh hidrasi, Butuh perlindungan UV cepat & hidrasi ringan","SPF 50 PA++++, Antioksidan, Triple Moisture Complex",1,1,1,1,1,0,1,1,0,YES,YES,C:\project\static\Images\Sunscreen\ERHA Perfect Shield Suncreen Spray.png
177,Perfect Shield Sunscreen Spray,ERHA,Sensitif,"Butuh hidrasi, Butuh perlindungan UV cepat & hidrasi ringan","SPF 50 PA++++, Antioksidan, Triple Moisture Complex",1,1,1,1,1,0,1,1,0,YES,YES,C:\project\static\Images\Sunscreen\ERHA Perfect Shield Suncreen Spray.png
178,Perfect Shield Sunscreen Spray,ERHA,Berminyak,"Butuh hidrasi, Butuh perlindungan UV cepat & hidrasi ringan","SPF 50 PA++++, Antioksidan, Triple Moisture Complex",1,1,1,1,1,0,1,1,0,YES,YES,C:\project\static\Images\Sunscreen\ERHA Perfect Shield Suncreen Spray.png
179,Perfect Shield Sunscreen Spray,ERHA,Kombinasi,"Butuh hidrasi, Butuh perlindungan UV cepat & hidrasi ringan","SPF 50 PA++++, Antioksidan, Triple Moisture Complex",1,1,1,1,1,0,1,1,0,YES,YES,C:\project\static\Images\Sunscreen\ERHA Perfect Shield Suncreen Spray.png
180,Perfect Shield Sunscreen Spray,ERHA,Berjerawat,"Butuh hidrasi, Butuh perlindungan UV cepat & hidrasi ringan","SPF 50 PA++++, Antioksidan, Triple Moisture Complex",1,1,1,1,1,0,1,1,0,YES,YES,C:\project\static\Images\Sunscreen\ERHA Perfect Shield Suncreen Spray.png
