No,Nama Produk,Brand,Jenis Kulit,Masalah Kulit,Kandungan Utama,Alcohol-Free,Fragrance-Free,Non-Comedogenic,Oil Control,Hydrating,Brightening,Anti Acne,Soothing,Anti Aging,Cocok,Image
1,Radiant Resurfacing Serum,Wardah,Kulit Normal,"Tekstur kasar, Kusam, Tanda penuaan, Minyak berlebih dan pori-pori tersumbat","Liposome Retinal, Cysteamine, Matrixyl™3000, Madecassoside",1,1,1,1,1,1,1,1,1,YES,C:\project\static\Images\Serum\Wardah Radiant Resurfacing Serum.png
2,Radiant Resurfacing Serum,Wardah,Kulit Kering,"Tekstur kasar, Kusam, Tanda penuaan, Minyak berlebih dan pori-pori tersumbat","Liposome Retinal, Cysteamine, Matrixyl™3000, Madecassoside",1,1,1,1,1,1,1,1,1,YES,C:\project\static\Images\Serum\Wardah Radiant Resurfacing Serum.png
3,Radiant Resurfacing Serum,Wardah,Kulit Kombinasi,"Tekstur kasar, Kusam, Tanda penuaan, Minyak berlebih dan pori-pori tersumbat","Liposome Retinal, Cysteamine, Matrixyl™3000, Madecassoside",1,1,1,1,1,1,1,1,1,YES,C:\project\static\Images\Serum\Wardah Radiant Resurfacing Serum.png
4,Radiant Resurfacing Serum,Wardah,Kulit Berminyak,"Tekstur kasar, Kusam, Tanda penuaan, Minyak berlebih dan pori-pori tersumbat","Liposome Retinal, Cysteamine, Matrixyl™3000, Madecassoside",1,1,1,1,1,1,1,1,1,YES,C:\project\static\Images\Serum\Wardah Radiant Resurfacing Serum.png
5,Radiant Resurfacing Serum,Wardah,Kulit Berjerawat,"Tekstur kasar, Kusam, Tanda penuaan, Minyak berlebih dan pori-pori tersumbat","Liposome Retinal, Cysteamine, Matrixyl™3000, Madecassoside",1,1,1,1,1,1,1,1,1,YES,C:\project\static\Images\Serum\Wardah Radiant Resurfacing Serum.png
6,Radiant Resurfacing Serum,Wardah,Kulit Sensitif,"Tekstur kasar, Kusam, Tanda penuaan, Minyak berlebih dan pori-pori tersumbat","Liposome Retinal, Cysteamine, Matrixyl™3000, Madecassoside",1,1,1,1,1,1,1,1,1,YES,C:\project\static\Images\Serum\Wardah Radiant Resurfacing Serum.png
7,Bright & Barrier Repair Serum,Wardah,Kulit Normal,"Hiperpigmentasi, Bekas jerawat, Kusam","Symradiance399, 10% Niacinamide, Bisabolol, Sodium Hyaluronate",1,0,1,1,1,1,1,1,1,YES,C:\project\static\Images\Serum\Wardah Bright & Barrier Repair Serum.png
8,Bright & Barrier Repair Serum,Wardah,Kulit Kering,"Hiperpigmentasi, Bekas jerawat, Kusam","Symradiance399, 10% Niacinamide, Bisabolol, Sodium Hyaluronate",1,0,1,1,1,1,1,1,1,YES,C:\project\static\Images\Serum\Wardah Bright & Barrier Repair Serum.png
9,Bright & Barrier Repair Serum,Wardah,Kulit Kombinasi,"Hiperpigmentasi, Bekas jerawat, Kusam","Symradiance399, 10% Niacinamide, Bisabolol, Sodium Hyaluronate",1,0,1,1,1,1,1,1,1,YES,C:\project\static\Images\Serum\Wardah Bright & Barrier Repair Serum.png
10,Bright & Barrier Repair Serum,Wardah,Kulit Berminyak,"Hiperpigmentasi, Bekas jerawat, Kusam","Symradiance399, 10% Niacinamide, Bisabolol, Sodium Hyaluronate",1,0,1,1,1,1,1,1,1,YES,C:\project\static\Images\Serum\Wardah Bright & Barrier Repair Serum.png
11,Bright & Barrier Repair Serum,Wardah,Kulit Berjerawat,"Hiperpigmentasi, Bekas jerawat, Kusam","Symradiance399, 10% Niacinamide, Bisabolol, Sodium Hyaluronate",1,0,1,1,1,1,1,1,1,YES,C:\project\static\Images\Serum\Wardah Bright & Barrier Repair Serum.png
12,Bright & Barrier Repair Serum,Wardah,Kulit Sensitif,"Hiperpigmentasi, Bekas jerawat, Kusam","Symradiance399, 10% Niacinamide, Bisabolol, Sodium Hyaluronate",1,0,1,1,1,1,1,1,1,NO,C:\project\static\Images\Serum\Wardah Bright & Barrier Repair Serum.png
13,10% Vitamin C Ferulic Acid Radiant Charge Serum,Wardah,Kulit Normal,"Hiperpigmentasi, Kusam","10% Vitamin C, Ferulic Acid",1,0,1,0,1,1,1,1,1,YES,C:\project\static\Images\Serum\Wardah 10% Vitamin C Ferulic Acid Radiant Charge Serum.png
14,10% Vitamin C Ferulic Acid Radiant Charge Serum,Wardah,Kulit Kering,"Hiperpigmentasi, Kusam","10% Vitamin C, Ferulic Acid",1,0,1,0,1,1,1,1,1,YES,C:\project\static\Images\Serum\Wardah 10% Vitamin C Ferulic Acid Radiant Charge Serum.png
15,10% Vitamin C Ferulic Acid Radiant Charge Serum,Wardah,Kulit Kombinasi,"Hiperpigmentasi, Kusam","10% Vitamin C, Ferulic Acid",1,0,1,0,1,1,1,1,1,YES,C:\project\static\Images\Serum\Wardah 10% Vitamin C Ferulic Acid Radiant Charge Serum.png
16,10% Vitamin C Ferulic Acid Radiant Charge Serum,Wardah,Kulit Berminyak,"Hiperpigmentasi, Kusam","10% Vitamin C, Ferulic Acid",1,0,1,0,1,1,1,1,1,NO,C:\project\static\Images\Serum\Wardah 10% Vitamin C Ferulic Acid Radiant Charge Serum.png
17,10% Vitamin C Ferulic Acid Radiant Charge Serum,Wardah,Kulit Berjerawat,"Hiperpigmentasi, Kusam","10% Vitamin C, Ferulic Acid",1,0,1,0,1,1,1,1,1,YES,C:\project\static\Images\Serum\Wardah 10% Vitamin C Ferulic Acid Radiant Charge Serum.png
18,10% Vitamin C Ferulic Acid Radiant Charge Serum,Wardah,Kulit Sensitif,"Hiperpigmentasi, Kusam","10% Vitamin C, Ferulic Acid",1,0,1,0,1,1,1,1,1,NO,C:\project\static\Images\Serum\Wardah 10% Vitamin C Ferulic Acid Radiant Charge Serum.png
19,Perfect Bright Super-Glow Berry Serum,Wardah,Kulit Normal,"Kusam, Bekas jerawat, Warna kulit tidak rata","4x Bright Berries, 3 Types of Hyaluronic Acid",1,0,1,1,1,1,1,1,1,YES,C:\project\static\Images\Serum\Wardah Perfect Bright Super-Glow Berry Serum.png
20,Perfect Bright Super-Glow Berry Serum,Wardah,Kulit Kering,"Kusam, Bekas jerawat, Warna kulit tidak rata","4x Bright Berries, 3 Types of Hyaluronic Acid",1,0,1,1,1,1,1,1,1,YES,C:\project\static\Images\Serum\Wardah Perfect Bright Super-Glow Berry Serum.png
21,Perfect Bright Super-Glow Berry Serum,Wardah,Kulit Kombinasi,"Kusam, Bekas jerawat, Warna kulit tidak rata","4x Bright Berries, 3 Types of Hyaluronic Acid",1,0,1,1,1,1,1,1,1,YES,C:\project\static\Images\Serum\Wardah Perfect Bright Super-Glow Berry Serum.png
22,Perfect Bright Super-Glow Berry Serum,Wardah,Kulit Berminyak,"Kusam, Bekas jerawat, Warna kulit tidak rata","4x Bright Berries, 3 Types of Hyaluronic Acid",1,0,1,1,1,1,1,1,1,YES,C:\project\static\Images\Serum\Wardah Perfect Bright Super-Glow Berry Serum.png
23,Perfect Bright Super-Glow Berry Serum,Wardah,Kulit Berjerawat,"Kusam, Bekas jerawat, Warna kulit tidak rata","4x Bright Berries, 3 Types of Hyaluronic Acid",1,0,1,1,1,1,1,1,1,YES,C:\project\static\Images\Serum\Wardah Perfect Bright Super-Glow Berry Serum.png
24,Perfect Bright Super-Glow Berry Serum,Wardah,Kulit Sensitif,"Kusam, Bekas jerawat, Warna kulit tidak rata","4x Bright Berries, 3 Types of Hyaluronic Acid",1,0,1,1,1,1,1,1,1,NO,C:\project\static\Images\Serum\Wardah Perfect Bright Super-Glow Berry Serum.png
25,Acnederm Acne Care Serum,Wardah,Kulit Normal,"Jerawat, Minyak berlebih, Bekas jerawat, Kusam, Kemerahan pada kulit","5% Azeclair™, 0.5% Salicylic Acid, Tea Tree Oil, Hyaluronic Acid, Allantoin",1,1,1,1,1,1,1,1,0,YES,C:\project\static\Images\Serum\Wardah Acnederm Acne Care Serum.png
26,Acnederm Acne Care Serum,Wardah,Kulit Kering,"Jerawat, Minyak berlebih, Bekas jerawat, Kusam, Kemerahan pada kulit","5% Azeclair™, 0.5% Salicylic Acid, Tea Tree Oil, Hyaluronic Acid, Allantoin",1,1,1,1,1,1,1,1,0,YES,C:\project\static\Images\Serum\Wardah Acnederm Acne Care Serum.png
27,Acnederm Acne Care Serum,Wardah,Kulit Kombinasi,"Jerawat, Minyak berlebih, Bekas jerawat, Kusam, Kemerahan pada kulit","5% Azeclair™, 0.5% Salicylic Acid, Tea Tree Oil, Hyaluronic Acid, Allantoin",1,1,1,1,1,1,1,1,0,YES,C:\project\static\Images\Serum\Wardah Acnederm Acne Care Serum.png
28,Acnederm Acne Care Serum,Wardah,Kulit Berminyak,"Jerawat, Minyak berlebih, Bekas jerawat, Kusam, Kemerahan pada kulit","5% Azeclair™, 0.5% Salicylic Acid, Tea Tree Oil, Hyaluronic Acid, Allantoin",1,1,1,1,1,1,1,1,0,YES,C:\project\static\Images\Serum\Wardah Acnederm Acne Care Serum.png
29,Acnederm Acne Care Serum,Wardah,Kulit Berjerawat,"Jerawat, Minyak berlebih, Bekas jerawat, Kusam, Kemerahan pada kulit","5% Azeclair™, 0.5% Salicylic Acid, Tea Tree Oil, Hyaluronic Acid, Allantoin",1,1,1,1,1,1,1,1,0,YES,C:\project\static\Images\Serum\Wardah Acnederm Acne Care Serum.png
30,Acnederm Acne Care Serum,Wardah,Kulit Sensitif,"Jerawat, Minyak berlebih, Bekas jerawat, Kusam, Kemerahan pada kulit","5% Azeclair™, 0.5% Salicylic Acid, Tea Tree Oil, Hyaluronic Acid, Allantoin",1,1,1,1,1,1,1,1,0,YES,C:\project\static\Images\Serum\Wardah Acnederm Acne Care Serum.png
31,Hydra Rose 14X Hyaluronic Pentavitin Deep Barrier Repair Serum,Wardah,Kulit Normal,"Skin barrier rusak, Dehidrasi, Sensitif","14x Hyaluron, 1% Pentavitin, Allantoin, β-Glucan",1,0,1,1,1,0,1,1,1,YES,C:\project\static\Images\Serum\Wardah Hydra Rose 14X Hyaluronic Pentavitin Deep Barrier Repair Serum.png
32,Hydra Rose 14X Hyaluronic Pentavitin Deep Barrier Repair Serum,Wardah,Kulit Kering,"Skin barrier rusak, Dehidrasi, Sensitif","14x Hyaluron, 1% Pentavitin, Allantoin, β-Glucan",1,0,1,1,1,0,1,1,1,YES,C:\project\static\Images\Serum\Wardah Hydra Rose 14X Hyaluronic Pentavitin Deep Barrier Repair Serum.png
33,Hydra Rose 14X Hyaluronic Pentavitin Deep Barrier Repair Serum,Wardah,Kulit Kombinasi,"Skin barrier rusak, Dehidrasi, Sensitif","14x Hyaluron, 1% Pentavitin, Allantoin, β-Glucan",1,0,1,1,1,0,1,1,1,YES,C:\project\static\Images\Serum\Wardah Hydra Rose 14X Hyaluronic Pentavitin Deep Barrier Repair Serum.png
34,Hydra Rose 14X Hyaluronic Pentavitin Deep Barrier Repair Serum,Wardah,Kulit Berminyak,"Skin barrier rusak, Dehidrasi, Sensitif","14x Hyaluron, 1% Pentavitin, Allantoin, β-Glucan",1,0,1,1,1,0,1,1,1,YES,C:\project\static\Images\Serum\Wardah Hydra Rose 14X Hyaluronic Pentavitin Deep Barrier Repair Serum.png
35,Hydra Rose 14X Hyaluronic Pentavitin Deep Barrier Repair Serum,Wardah,Kulit Berjerawat,"Skin barrier rusak, Dehidrasi, Sensitif","14x Hyaluron, 1% Pentavitin, Allantoin, β-Glucan",1,0,1,1,1,0,1,1,1,YES,C:\project\static\Images\Serum\Wardah Hydra Rose 14X Hyaluronic Pentavitin Deep Barrier Repair Serum.png
36,Hydra Rose 14X Hyaluronic Pentavitin Deep Barrier Repair Serum,Wardah,Kulit Sensitif,"Skin barrier rusak, Dehidrasi, Sensitif","14x Hyaluron, 1% Pentavitin, Allantoin, β-Glucan",1,0,1,1,1,0,1,1,1,NO,C:\project\static\Images\Serum\Wardah Hydra Rose 14X Hyaluronic Pentavitin Deep Barrier Repair Serum.png
37,Renew You 1% Retinol Microcapsule Ceramide Cell Renewal Serum,Wardah,Kulit Normal,"Tanda penuaan dini, Kerutan, Tekstur kulit kasar","1% Retinol Microcapsule, 3% Ceramide Actosome, Matrixyl Peptide, Hyaluronic",1,0,1,1,1,1,1,1,1,YES,C:\project\static\Images\Serum\Wardah Renew You 1% Retinol Microcapsule Ceramide Cell Renewal Serum.png
38,Renew You 1% Retinol Microcapsule Ceramide Cell Renewal Serum,Wardah,Kulit Kering,"Tanda penuaan dini, Kerutan, Tekstur kulit kasar","1% Retinol Microcapsule, 3% Ceramide Actosome, Matrixyl Peptide, Hyaluronic",1,0,1,1,1,1,1,1,1,YES,C:\project\static\Images\Serum\Wardah Renew You 1% Retinol Microcapsule Ceramide Cell Renewal Serum.png
39,Renew You 1% Retinol Microcapsule Ceramide Cell Renewal Serum,Wardah,Kulit Kombinasi,"Tanda penuaan dini, Kerutan, Tekstur kulit kasar","1% Retinol Microcapsule, 3% Ceramide Actosome, Matrixyl Peptide, Hyaluronic",1,0,1,1,1,1,1,1,1,YES,C:\project\static\Images\Serum\Wardah Renew You 1% Retinol Microcapsule Ceramide Cell Renewal Serum.png
40,Renew You 1% Retinol Microcapsule Ceramide Cell Renewal Serum,Wardah,Kulit Berminyak,"Tanda penuaan dini, Kerutan, Tekstur kulit kasar","1% Retinol Microcapsule, 3% Ceramide Actosome, Matrixyl Peptide, Hyaluronic",1,0,1,1,1,1,1,1,1,YES,C:\project\static\Images\Serum\Wardah Renew You 1% Retinol Microcapsule Ceramide Cell Renewal Serum.png
41,Renew You 1% Retinol Microcapsule Ceramide Cell Renewal Serum,Wardah,Kulit Berjerawat,"Tanda penuaan dini, Kerutan, Tekstur kulit kasar","1% Retinol Microcapsule, 3% Ceramide Actosome, Matrixyl Peptide, Hyaluronic",1,0,1,1,1,1,1,1,1,YES,C:\project\static\Images\Serum\Wardah Renew You 1% Retinol Microcapsule Ceramide Cell Renewal Serum.png
42,Renew You 1% Retinol Microcapsule Ceramide Cell Renewal Serum,Wardah,Kulit Sensitif,"Tanda penuaan dini, Kerutan, Tekstur kulit kasar","1% Retinol Microcapsule, 3% Ceramide Actosome, Matrixyl Peptide, Hyaluronic",1,0,1,1,1,1,1,1,1,NO,C:\project\static\Images\Serum\Wardah Renew You 1% Retinol Microcapsule Ceramide Cell Renewal Serum.png
43,Lift Regenerating Serum,Wardah,Kulit Normal,"Kontur wajah turun, Elastisitas berkurang","Exosome, PDRN, EGF",1,1,1,1,1,1,1,1,1,YES,C:\project\static\Images\Serum\Wardah Lift Regenerating Serum.png
44,Lift Regenerating Serum,Wardah,Kulit Kering,"Kontur wajah turun, Elastisitas berkurang","Exosome, PDRN, EGF",1,1,1,1,1,1,1,1,1,YES,C:\project\static\Images\Serum\Wardah Lift Regenerating Serum.png
45,Lift Regenerating Serum,Wardah,Kulit Kombinasi,"Kontur wajah turun, Elastisitas berkurang","Exosome, PDRN, EGF",1,1,1,1,1,1,1,1,1,YES,C:\project\static\Images\Serum\Wardah Lift Regenerating Serum.png
46,Lift Regenerating Serum,Wardah,Kulit Berminyak,"Kontur wajah turun, Elastisitas berkurang","Exosome, PDRN, EGF",1,1,1,1,1,1,1,1,1,YES,C:\project\static\Images\Serum\Wardah Lift Regenerating Serum.png
47,Lift Regenerating Serum,Wardah,Kulit Berjerawat,"Kontur wajah turun, Elastisitas berkurang","Exosome, PDRN, EGF",1,1,1,1,1,1,1,1,1,YES,C:\project\static\Images\Serum\Wardah Lift Regenerating Serum.png
48,Lift Regenerating Serum,Wardah,Kulit Sensitif,"Kontur wajah turun, Elastisitas berkurang","Exosome, PDRN, EGF",1,1,1,1,1,1,1,1,1,YES,C:\project\static\Images\Serum\Wardah Lift Regenerating Serum.png
49,Lightening Serum Ampoule,Wardah,Kulit Normal,"Kusam, Noda hitam, Rusak akibat radikal bebas","Vitamin B3, Vitamin E, Extra Aloe Vera, Hyaluronic Acid",1,0,1,1,1,1,1,1,0,YES,C:\project\static\Images\Serum\Wardah Lightening Serum Ampoule.png
50,Lightening Serum Ampoule,Wardah,Kulit Kering,"Kusam, Noda hitam, Rusak akibat radikal bebas","Vitamin B3, Vitamin E, Extra Aloe Vera, Hyaluronic Acid",1,0,1,1,1,1,1,1,0,YES,C:\project\static\Images\Serum\Wardah Lightening Serum Ampoule.png
51,Lightening Serum Ampoule,Wardah,Kulit Kombinasi,"Kusam, Noda hitam, Rusak akibat radikal bebas","Vitamin B3, Vitamin E, Extra Aloe Vera, Hyaluronic Acid",1,0,1,1,1,1,1,1,0,YES,C:\project\static\Images\Serum\Wardah Lightening Serum Ampoule.png
52,Lightening Serum Ampoule,Wardah,Kulit Berminyak,"Kusam, Noda hitam, Rusak akibat radikal bebas","Vitamin B3, Vitamin E, Extra Aloe Vera, Hyaluronic Acid",1,0,1,1,1,1,1,1,0,YES,C:\project\static\Images\Serum\Wardah Lightening Serum Ampoule.png
53,Lightening Serum Ampoule,Wardah,Kulit Berjerawat,"Kusam, Noda hitam, Rusak akibat radikal bebas","Vitamin B3, Vitamin E, Extra Aloe Vera, Hyaluronic Acid",1,0,1,1,1,1,1,1,0,YES,C:\project\static\Images\Serum\Wardah Lightening Serum Ampoule.png
54,Lightening Serum Ampoule,Wardah,Kulit Sensitif,"Kusam, Noda hitam, Rusak akibat radikal bebas","Vitamin B3, Vitamin E, Extra Aloe Vera, Hyaluronic Acid",1,0,1,1,1,1,1,1,0,NO,C:\project\static\Images\Serum\Wardah Lightening Serum Ampoule.png
55,Crystallure Supreme Revitalizing Oil Serum,Wardah,Kulit Normal,"Kusam, Kering, Tanda penuaan","Gold Peptide Crystals, Youth Glow Active, 7 Botanical Oils",1,0,1,0,1,0,0,1,1,YES,C:\project\static\Images\Serum\Wardah Crystallure Superme Revitalizing Oil Serum.png
56,Crystallure Supreme Revitalizing Oil Serum,Wardah,Kulit Kering,"Kusam, Kering, Tanda penuaan","Gold Peptide Crystals, Youth Glow Active, 7 Botanical Oils",1,0,1,0,1,0,0,1,1,YES,C:\project\static\Images\Serum\Wardah Crystallure Superme Revitalizing Oil Serum.png
57,Crystallure Supreme Revitalizing Oil Serum,Wardah,Kulit Kombinasi,"Kusam, Kering, Tanda penuaan","Gold Peptide Crystals, Youth Glow Active, 7 Botanical Oils",1,0,1,0,1,0,0,1,1,YES,C:\project\static\Images\Serum\Wardah Crystallure Superme Revitalizing Oil Serum.png
58,Crystallure Supreme Revitalizing Oil Serum,Wardah,Kulit Berminyak,"Kusam, Kering, Tanda penuaan","Gold Peptide Crystals, Youth Glow Active, 7 Botanical Oils",1,0,1,0,1,0,0,1,1,NO,C:\project\static\Images\Serum\Wardah Crystallure Superme Revitalizing Oil Serum.png
59,Crystallure Supreme Revitalizing Oil Serum,Wardah,Kulit Berjerawat,"Kusam, Kering, Tanda penuaan","Gold Peptide Crystals, Youth Glow Active, 7 Botanical Oils",1,0,1,0,1,0,0,1,1,NO,C:\project\static\Images\Serum\Wardah Crystallure Superme Revitalizing Oil Serum.png
60,Crystallure Supreme Revitalizing Oil Serum,Wardah,Kulit Sensitif,"Kusam, Kering, Tanda penuaan","Gold Peptide Crystals, Youth Glow Active, 7 Botanical Oils",1,0,1,0,1,0,0,1,1,NO,C:\project\static\Images\Serum\Wardah Crystallure Superme Revitalizing Oil Serum.png
61,Glo Rad+ High-Res Bright Glow Water-Sphere Serum,Emina,Kulit Normal,"Kusam, Noda hitam","RetinArt, TXArbutin Complex, Drone Ferulic Acid Tech™",1,1,1,1,1,1,0,0,1,YES,C:\project\static\Images\Serum\Emina Glo Rad+ High-Res Bright Glow Water-Sphere Serum.png
62,Glo Rad+ High-Res Bright Glow Water-Sphere Serum,Emina,Kulit Kering,"Kusam, Noda hitam","RetinArt, TXArbutin Complex, Drone Ferulic Acid Tech™",1,1,1,1,1,1,0,0,1,YES,C:\project\static\Images\Serum\Emina Glo Rad+ High-Res Bright Glow Water-Sphere Serum.png
63,Glo Rad+ High-Res Bright Glow Water-Sphere Serum,Emina,Kulit Kombinasi,"Kusam, Noda hitam","RetinArt, TXArbutin Complex, Drone Ferulic Acid Tech™",1,1,1,1,1,1,0,0,1,YES,C:\project\static\Images\Serum\Emina Glo Rad+ High-Res Bright Glow Water-Sphere Serum.png
64,Glo Rad+ High-Res Bright Glow Water-Sphere Serum,Emina,Kulit Berminyak,"Kusam, Noda hitam","RetinArt, TXArbutin Complex, Drone Ferulic Acid Tech™",1,1,1,1,1,1,0,0,1,YES,C:\project\static\Images\Serum\Emina Glo Rad+ High-Res Bright Glow Water-Sphere Serum.png
65,Glo Rad+ High-Res Bright Glow Water-Sphere Serum,Emina,Kulit Berjerawat,"Kusam, Noda hitam","RetinArt, TXArbutin Complex, Drone Ferulic Acid Tech™",1,1,1,1,1,1,0,0,1,NO,C:\project\static\Images\Serum\Emina Glo Rad+ High-Res Bright Glow Water-Sphere Serum.png
66,Glo Rad+ High-Res Bright Glow Water-Sphere Serum,Emina,Kulit Sensitif,"Kusam, Noda hitam","RetinArt, TXArbutin Complex, Drone Ferulic Acid Tech™",1,1,1,1,1,1,0,0,1,YES,C:\project\static\Images\Serum\Emina Glo Rad+ High-Res Bright Glow Water-Sphere Serum.png
67,Ms. Pimple Serum Acne + Oil Control,Emina,Kulit Normal,"Jerawat, Minyak berlebih, Tekstur kulit kasar","Salicylic Acid, Niacinamide",1,1,1,1,1,0,1,1,0,YES,C:\project\static\Images\Serum\Emina Ms. Pimple Serum Acne + Oil Control.png
68,Ms. Pimple Serum Acne + Oil Control,Emina,Kulit Kering,"Jerawat, Minyak berlebih, Tekstur kulit kasar","Salicylic Acid, Niacinamide",1,1,1,1,1,0,1,1,0,YES,C:\project\static\Images\Serum\Emina Ms. Pimple Serum Acne + Oil Control.png
69,Ms. Pimple Serum Acne + Oil Control,Emina,Kulit Kombinasi,"Jerawat, Minyak berlebih, Tekstur kulit kasar","Salicylic Acid, Niacinamide",1,1,1,1,1,0,1,1,0,YES,C:\project\static\Images\Serum\Emina Ms. Pimple Serum Acne + Oil Control.png
70,Ms. Pimple Serum Acne + Oil Control,Emina,Kulit Berminyak,"Jerawat, Minyak berlebih, Tekstur kulit kasar","Salicylic Acid, Niacinamide",1,1,1,1,1,0,1,1,0,YES,C:\project\static\Images\Serum\Emina Ms. Pimple Serum Acne + Oil Control.png
71,Ms. Pimple Serum Acne + Oil Control,Emina,Kulit Berjerawat,"Jerawat, Minyak berlebih, Tekstur kulit kasar","Salicylic Acid, Niacinamide",1,1,1,1,1,0,1,1,0,YES,C:\project\static\Images\Serum\Emina Ms. Pimple Serum Acne + Oil Control.png
72,Ms. Pimple Serum Acne + Oil Control,Emina,Kulit Sensitif,"Jerawat, Minyak berlebih, Tekstur kulit kasar","Salicylic Acid, Niacinamide",1,1,1,1,1,0,1,1,0,YES,C:\project\static\Images\Serum\Emina Ms. Pimple Serum Acne + Oil Control.png
73,Bright Stuff Face Serum,Emina,Kulit Normal,"Kusam, Noda hitam","Ekstrak Summer Plum, Concentrated Niacinamide",1,1,1,1,1,1,0,0,0,YES,C:\project\static\Images\Serum\Emina Bright Stuff Face Serum.png
74,Bright Stuff Face Serum,Emina,Kulit Kering,"Kusam, Noda hitam","Ekstrak Summer Plum, Concentrated Niacinamide",1,1,1,1,1,1,0,0,0,YES,C:\project\static\Images\Serum\Emina Bright Stuff Face Serum.png
75,Bright Stuff Face Serum,Emina,Kulit Kombinasi,"Kusam, Noda hitam","Ekstrak Summer Plum, Concentrated Niacinamide",1,1,1,1,1,1,0,0,0,YES,C:\project\static\Images\Serum\Emina Bright Stuff Face Serum.png
76,Bright Stuff Face Serum,Emina,Kulit Berminyak,"Kusam, Noda hitam","Ekstrak Summer Plum, Concentrated Niacinamide",1,1,1,1,1,1,0,0,0,YES,C:\project\static\Images\Serum\Emina Bright Stuff Face Serum.png
77,Bright Stuff Face Serum,Emina,Kulit Berjerawat,"Kusam, Noda hitam","Ekstrak Summer Plum, Concentrated Niacinamide",1,1,1,1,1,1,0,0,0,NO,C:\project\static\Images\Serum\Emina Bright Stuff Face Serum.png
78,Bright Stuff Face Serum,Emina,Kulit Sensitif,"Kusam, Noda hitam","Ekstrak Summer Plum, Concentrated Niacinamide",1,1,1,1,1,1,0,0,0,YES,C:\project\static\Images\Serum\Emina Bright Stuff Face Serum.png
79,Natura Pal Splash Serum,Emina,Kulit Normal,"Kusam, Skin barrier rusak","100% Natural Pea Extract, Triple Protection+, Niacinamide, Sodium Hyaluronate",1,0,1,1,1,1,0,1,0,YES,C:\project\static\Images\Serum\Emina Natura Pal Splash Serum.png
80,Natura Pal Splash Serum,Emina,Kulit Kering,"Kusam, Skin barrier rusak","100% Natural Pea Extract, Triple Protection+, Niacinamide, Sodium Hyaluronate",1,0,1,1,1,1,0,1,0,YES,C:\project\static\Images\Serum\Emina Natura Pal Splash Serum.png
81,Natura Pal Splash Serum,Emina,Kulit Kombinasi,"Kusam, Skin barrier rusak","100% Natural Pea Extract, Triple Protection+, Niacinamide, Sodium Hyaluronate",1,0,1,1,1,1,0,1,0,YES,C:\project\static\Images\Serum\Emina Natura Pal Splash Serum.png
82,Natura Pal Splash Serum,Emina,Kulit Berminyak,"Kusam, Skin barrier rusak","100% Natural Pea Extract, Triple Protection+, Niacinamide, Sodium Hyaluronate",1,0,1,1,1,1,0,1,0,YES,C:\project\static\Images\Serum\Emina Natura Pal Splash Serum.png
83,Natura Pal Splash Serum,Emina,Kulit Berjerawat,"Kusam, Skin barrier rusak","100% Natural Pea Extract, Triple Protection+, Niacinamide, Sodium Hyaluronate",1,0,1,1,1,1,0,1,0,NO,C:\project\static\Images\Serum\Emina Natura Pal Splash Serum.png
84,Natura Pal Splash Serum,Emina,Kulit Sensitif,"Kusam, Skin barrier rusak","100% Natural Pea Extract, Triple Protection+, Niacinamide, Sodium Hyaluronate",1,0,1,1,1,1,0,1,0,NO,C:\project\static\Images\Serum\Emina Natura Pal Splash Serum.png
85,YSB Serum Tea Tree + Witch Hazel + Glycolic Acid + Rosemary,Avoskin,Kulit Normal,"Jerawat aktif, Minyak berlebih, Kemerahan/Inflamasi, Kusam","Tea Tree, Witch Hazel, Glycolic Acid, Rosemary Extract",1,1,1,1,1,1,1,1,0,YES,C:\project\static\Images\Serum\Avoskin YSB Serum Tea Tree + Witch Hazel + Glycolic Acid + Rosemary.png
86,YSB Serum Tea Tree + Witch Hazel + Glycolic Acid + Rosemary,Avoskin,Kulit Kering,"Jerawat aktif, Minyak berlebih, Kemerahan/Inflamasi, Kusam","Tea Tree, Witch Hazel, Glycolic Acid, Rosemary Extract",1,1,1,1,1,1,1,1,0,YES,C:\project\static\Images\Serum\Avoskin YSB Serum Tea Tree + Witch Hazel + Glycolic Acid + Rosemary.png
87,YSB Serum Tea Tree + Witch Hazel + Glycolic Acid + Rosemary,Avoskin,Kulit Berminyak,"Jerawat aktif, Minyak berlebih, Kemerahan/Inflamasi, Kusam","Tea Tree, Witch Hazel, Glycolic Acid, Rosemary Extract",1,1,1,1,1,1,1,1,0,YES,C:\project\static\Images\Serum\Avoskin YSB Serum Tea Tree + Witch Hazel + Glycolic Acid + Rosemary.png
88,YSB Serum Tea Tree + Witch Hazel + Glycolic Acid + Rosemary,Avoskin,Kulit Kombinasi,"Jerawat aktif, Minyak berlebih, Kemerahan/Inflamasi, Kusam","Tea Tree, Witch Hazel, Glycolic Acid, Rosemary Extract",1,1,1,1,1,1,1,1,0,YES,C:\project\static\Images\Serum\Avoskin YSB Serum Tea Tree + Witch Hazel + Glycolic Acid + Rosemary.png
89,YSB Serum Tea Tree + Witch Hazel + Glycolic Acid + Rosemary,Avoskin,Kulit Sensitif,"Jerawat aktif, Minyak berlebih, Kemerahan/Inflamasi, Kusam","Tea Tree, Witch Hazel, Glycolic Acid, Rosemary Extract",1,1,1,1,1,1,1,1,0,YES,C:\project\static\Images\Serum\Avoskin YSB Serum Tea Tree + Witch Hazel + Glycolic Acid + Rosemary.png
90,YSB Serum Tea Tree + Witch Hazel + Glycolic Acid + Rosemary,Avoskin,Kulit Berjerawat,"Jerawat aktif, Minyak berlebih, Kemerahan/Inflamasi, Kusam","Tea Tree, Witch Hazel, Glycolic Acid, Rosemary Extract",1,1,1,1,1,1,1,1,0,YES,C:\project\static\Images\Serum\Avoskin YSB Serum Tea Tree + Witch Hazel + Glycolic Acid + Rosemary.png
91,YSB Serum Spirulina + Witch Hazel + Glycolic Acid + Niacinamide,Avoskin,Kulit Normal,"Jerawat, Bekas jerawat, Kering di area tertentu, Kemerahan","Spirulina, Witch Hazel, Glycolic Acid, Niacinamide",1,1,1,1,1,1,1,1,1,YES,C:\project\static\Images\Serum\Avoskin YSB Serum Spirulina + Witch Hazel + Glycolic Acid + Niacinamide.png
92,YSB Serum Spirulina + Witch Hazel + Glycolic Acid + Niacinamide,Avoskin,Kulit Kering,"Jerawat, Bekas jerawat, Kering di area tertentu, Kemerahan","Spirulina, Witch Hazel, Glycolic Acid, Niacinamide",1,1,1,1,1,1,1,1,1,YES,C:\project\static\Images\Serum\Avoskin YSB Serum Spirulina + Witch Hazel + Glycolic Acid + Niacinamide.png
93,YSB Serum Spirulina + Witch Hazel + Glycolic Acid + Niacinamide,Avoskin,Kulit Berminyak,"Jerawat, Bekas jerawat, Kering di area tertentu, Kemerahan","Spirulina, Witch Hazel, Glycolic Acid, Niacinamide",1,1,1,1,1,1,1,1,1,YES,C:\project\static\Images\Serum\Avoskin YSB Serum Spirulina + Witch Hazel + Glycolic Acid + Niacinamide.png
94,YSB Serum Spirulina + Witch Hazel + Glycolic Acid + Niacinamide,Avoskin,Kulit Kombinasi,"Jerawat, Bekas jerawat, Kering di area tertentu, Kemerahan","Spirulina, Witch Hazel, Glycolic Acid, Niacinamide",1,1,1,1,1,1,1,1,1,YES,C:\project\static\Images\Serum\Avoskin YSB Serum Spirulina + Witch Hazel + Glycolic Acid + Niacinamide.png
95,YSB Serum Spirulina + Witch Hazel + Glycolic Acid + Niacinamide,Avoskin,Kulit Sensitif,"Jerawat, Bekas jerawat, Kering di area tertentu, Kemerahan","Spirulina, Witch Hazel, Glycolic Acid, Niacinamide",1,1,1,1,1,1,1,1,1,YES,C:\project\static\Images\Serum\Avoskin YSB Serum Spirulina + Witch Hazel + Glycolic Acid + Niacinamide.png
96,YSB Serum Spirulina + Witch Hazel + Glycolic Acid + Niacinamide,Avoskin,Kulit Berjerawat,"Jerawat, Bekas jerawat, Kering di area tertentu, Kemerahan","Spirulina, Witch Hazel, Glycolic Acid, Niacinamide",1,1,1,1,1,1,1,1,1,YES,C:\project\static\Images\Serum\Avoskin YSB Serum Spirulina + Witch Hazel + Glycolic Acid + Niacinamide.png
97,YSB Serum Kojic Acid 1% + Glycolic Acid + Soybean + Licorice,Avoskin,Kulit Normal,"Hiperpigmentasi, Noda hitam, Warna kulit tidak merata, Kusam, Iritasi ringan","Kojic Acid 1%, Glycolic Acid, Soybean, Licorice",1,1,1,0,1,1,0,1,0,YES,C:\project\static\Images\Serum\Avoskin YSB Serum Kojic Acid 1% + Glycolic Acid + Soybean + Licorice.png
98,YSB Serum Kojic Acid 1% + Glycolic Acid + Soybean + Licorice,Avoskin,Kulit Berjerawat,"Hiperpigmentasi, Noda hitam, Warna kulit tidak merata, Kusam, Iritasi ringan","Kojic Acid 1%, Glycolic Acid, Soybean, Licorice",1,1,1,0,1,1,0,1,0,NO,C:\project\static\Images\Serum\Avoskin YSB Serum Kojic Acid 1% + Glycolic Acid + Soybean + Licorice.png
99,YSB Serum Kojic Acid 1% + Glycolic Acid + Soybean + Licorice,Avoskin,Kulit Kering,"Hiperpigmentasi, Noda hitam, Warna kulit tidak merata, Kusam, Iritasi ringan","Kojic Acid 1%, Glycolic Acid, Soybean, Licorice",1,1,1,0,1,1,0,1,0,YES,C:\project\static\Images\Serum\Avoskin YSB Serum Kojic Acid 1% + Glycolic Acid + Soybean + Licorice.png
100,YSB Serum Kojic Acid 1% + Glycolic Acid + Soybean + Licorice,Avoskin,Kulit Berminyak,"Hiperpigmentasi, Noda hitam, Warna kulit tidak merata, Kusam, Iritasi ringan","Kojic Acid 1%, Glycolic Acid, Soybean, Licorice",1,1,1,0,1,1,0,1,0,NO,C:\project\static\Images\Serum\Avoskin YSB Serum Kojic Acid 1% + Glycolic Acid + Soybean + Licorice.png
101,YSB Serum Kojic Acid 1% + Glycolic Acid + Soybean + Licorice,Avoskin,Kulit Kombinasi,"Hiperpigmentasi, Noda hitam, Warna kulit tidak merata, Kusam, Iritasi ringan","Kojic Acid 1%, Glycolic Acid, Soybean, Licorice",1,1,1,0,1,1,0,1,0,YES,C:\project\static\Images\Serum\Avoskin YSB Serum Kojic Acid 1% + Glycolic Acid + Soybean + Licorice.png
102,YSB Serum Kojic Acid 1% + Glycolic Acid + Soybean + Licorice,Avoskin,Kulit Sensitif,"Hiperpigmentasi, Noda hitam, Warna kulit tidak merata, Kusam, Iritasi ringan","Kojic Acid 1%, Glycolic Acid, Soybean, Licorice",1,1,1,0,1,1,0,1,0,YES,C:\project\static\Images\Serum\Avoskin YSB Serum Kojic Acid 1% + Glycolic Acid + Soybean + Licorice.png
103,YSB Serum Mandelic Acid 5% + Panthenol + Perilla Extract,Avoskin,Kulit Normal,"Jerawat, Sensitif, Peradangan ringan, Skin barrier rusak","Mandelic Acid 5%, Panthenol, Perilla Extract",1,1,1,0,1,1,1,1,1,YES,C:\project\static\Images\Serum\Avoskin YSB Serum Mandelic Acid 5% + Panthenol + Perilla Extract.png
104,YSB Serum Mandelic Acid 5% + Panthenol + Perilla Extract,Avoskin,Kulit Kering,"Jerawat, Sensitif, Peradangan ringan, Skin barrier rusak","Mandelic Acid 5%, Panthenol, Perilla Extract",1,1,1,0,1,1,1,1,1,YES,C:\project\static\Images\Serum\Avoskin YSB Serum Mandelic Acid 5% + Panthenol + Perilla Extract.png
105,YSB Serum Mandelic Acid 5% + Panthenol + Perilla Extract,Avoskin,Kulit Berminyak,"Jerawat, Sensitif, Peradangan ringan, Skin barrier rusak","Mandelic Acid 5%, Panthenol, Perilla Extract",1,1,1,0,1,1,1,1,1,NO,C:\project\static\Images\Serum\Avoskin YSB Serum Mandelic Acid 5% + Panthenol + Perilla Extract.png
106,YSB Serum Mandelic Acid 5% + Panthenol + Perilla Extract,Avoskin,Kulit Kombinasi,"Jerawat, Sensitif, Peradangan ringan, Skin barrier rusak","Mandelic Acid 5%, Panthenol, Perilla Extract",1,1,1,0,1,1,1,1,1,YES,C:\project\static\Images\Serum\Avoskin YSB Serum Mandelic Acid 5% + Panthenol + Perilla Extract.png
107,YSB Serum Mandelic Acid 5% + Panthenol + Perilla Extract,Avoskin,Kulit Sensitif,"Jerawat, Sensitif, Peradangan ringan, Skin barrier rusak","Mandelic Acid 5%, Panthenol, Perilla Extract",1,1,1,0,1,1,1,1,1,YES,C:\project\static\Images\Serum\Avoskin YSB Serum Mandelic Acid 5% + Panthenol + Perilla Extract.png
108,YSB Serum Mandelic Acid 5% + Panthenol + Perilla Extract,Avoskin,Kulit Berjerawat,"Jerawat, Sensitif, Peradangan ringan, Skin barrier rusak","Mandelic Acid 5%, Panthenol, Perilla Extract",1,1,1,0,1,1,1,1,1,YES,C:\project\static\Images\Serum\Avoskin YSB Serum Mandelic Acid 5% + Panthenol + Perilla Extract.png
109,YSB Serum Panthenol 5% + Mugwort + Cica,Avoskin,Kulit Normal,"Dehidrasi, Tekstur kulit kasar, Garis halus ringan, Kemerahan","Panthenol 5%, Mugwort Extract, Cica Extract",1,1,1,0,1,0,0,1,0,YES,C:\project\static\Images\Serum\Avoskin YSB Serum Panthenol 5% + Mugwort + Cica.png
110,YSB Serum Panthenol 5% + Mugwort + Cica,Avoskin,Kulit Kering,"Dehidrasi, Tekstur kulit kasar, Garis halus ringan, Kemerahan","Panthenol 5%, Mugwort Extract, Cica Extract",1,1,1,0,1,0,0,1,0,YES,C:\project\static\Images\Serum\Avoskin YSB Serum Panthenol 5% + Mugwort + Cica.png
111,YSB Serum Panthenol 5% + Mugwort + Cica,Avoskin,Kulit Berminyak,"Dehidrasi, Tekstur kulit kasar, Garis halus ringan, Kemerahan","Panthenol 5%, Mugwort Extract, Cica Extract",1,1,1,0,1,0,0,1,0,NO,C:\project\static\Images\Serum\Avoskin YSB Serum Panthenol 5% + Mugwort + Cica.png
112,YSB Serum Panthenol 5% + Mugwort + Cica,Avoskin,Kulit Kombinasi,"Dehidrasi, Tekstur kulit kasar, Garis halus ringan, Kemerahan","Panthenol 5%, Mugwort Extract, Cica Extract",1,1,1,0,1,0,0,1,0,YES,C:\project\static\Images\Serum\Avoskin YSB Serum Panthenol 5% + Mugwort + Cica.png
113,YSB Serum Panthenol 5% + Mugwort + Cica,Avoskin,Kulit Sensitif,"Dehidrasi, Tekstur kulit kasar, Garis halus ringan, Kemerahan","Panthenol 5%, Mugwort Extract, Cica Extract",1,1,1,0,1,0,0,1,0,YES,C:\project\static\Images\Serum\Avoskin YSB Serum Panthenol 5% + Mugwort + Cica.png
114,YSB Serum Panthenol 5% + Mugwort + Cica,Avoskin,Kulit Berjerawat,"Dehidrasi, Tekstur kulit kasar, Garis halus ringan, Kemerahan","Panthenol 5%, Mugwort Extract, Cica Extract",1,1,1,0,1,0,0,1,0,NO,C:\project\static\Images\Serum\Avoskin YSB Serum Panthenol 5% + Mugwort + Cica.png
115,YSB Serum Vitamin C 3% + Niacinamide 2% + Mandarin Orange,Avoskin,Kulit Normal,"Kusam, Warna kulit tidak merata, Penuaan dini","Vitamin C 3%, Niacinamide 2%, Mandarin Orange Fruit Extract",1,1,1,1,1,1,0,0,0,YES,C:\project\static\Images\Serum\Avoskin YSB Serum Vitamin C 3% + Niacinamide 2% + Mandarin Orange Fruit Extract.png
116,YSB Serum Vitamin C 3% + Niacinamide 2% + Mandarin Orange,Avoskin,Kulit Kering,"Kusam, Warna kulit tidak merata, Penuaan dini","Vitamin C 3%, Niacinamide 2%, Mandarin Orange Fruit Extract",1,1,1,1,1,1,0,0,0,YES,C:\project\static\Images\Serum\Avoskin YSB Serum Vitamin C 3% + Niacinamide 2% + Mandarin Orange Fruit Extract.png
117,YSB Serum Vitamin C 3% + Niacinamide 2% + Mandarin Orange,Avoskin,Kulit Berminyak,"Kusam, Warna kulit tidak merata, Penuaan dini","Vitamin C 3%, Niacinamide 2%, Mandarin Orange Fruit Extract",1,1,1,1,1,1,0,0,0,YES,C:\project\static\Images\Serum\Avoskin YSB Serum Vitamin C 3% + Niacinamide 2% + Mandarin Orange Fruit Extract.png
118,YSB Serum Vitamin C 3% + Niacinamide 2% + Mandarin Orange,Avoskin,Kulit Kombinasi,"Kusam, Warna kulit tidak merata, Penuaan dini","Vitamin C 3%, Niacinamide 2%, Mandarin Orange Fruit Extract",1,1,1,1,1,1,0,0,0,YES,C:\project\static\Images\Serum\Avoskin YSB Serum Vitamin C 3% + Niacinamide 2% + Mandarin Orange Fruit Extract.png
119,YSB Serum Vitamin C 3% + Niacinamide 2% + Mandarin Orange,Avoskin,Kulit Sensitif,"Kusam, Warna kulit tidak merata, Penuaan dini","Vitamin C 3%, Niacinamide 2%, Mandarin Orange Fruit Extract",1,1,1,1,1,1,0,0,0,YES,C:\project\static\Images\Serum\Avoskin YSB Serum Vitamin C 3% + Niacinamide 2% + Mandarin Orange Fruit Extract.png
120,YSB Serum Vitamin C 3% + Niacinamide 2% + Mandarin Orange,Avoskin,Kulit Berjerawat,"Kusam, Warna kulit tidak merata, Penuaan dini","Vitamin C 3%, Niacinamide 2%, Mandarin Orange Fruit Extract",1,1,1,1,1,1,0,0,0,NO,C:\project\static\Images\Serum\Avoskin YSB Serum Vitamin C 3% + Niacinamide 2% + Mandarin Orange Fruit Extract.png
121,YSB Serum Azeclair 10% + Kombucha 3% + Niacinamide 2.5%,Avoskin,Kulit Normal,"Bekas jerawat PIE/PIH, Tekstur kulit tidak rata, Pori besar, Minyak berlebih di area T-zone, Kusam, Kemerahan","Azeclair 10%, Kombucha 3%, Niacinamide 2.5%",1,1,1,1,1,1,1,1,0,YES,"C:\project\static\Images\Serum\Avoskin YSB Serum Azeclair 10% + Kombucha 3% + Niacinamide 2,5%.png"
122,YSB Serum Azeclair 10% + Kombucha 3% + Niacinamide 2.5%,Avoskin,Kulit Kering,"Bekas jerawat PIE/PIH, Tekstur kulit tidak rata, Pori besar, Minyak berlebih di area T-zone, Kusam, Kemerahan","Azeclair 10%, Kombucha 3%, Niacinamide 2.5%",1,1,1,1,1,1,1,1,0,YES,"C:\project\static\Images\Serum\Avoskin YSB Serum Azeclair 10% + Kombucha 3% + Niacinamide 2,5%.png"
123,YSB Serum Azeclair 10% + Kombucha 3% + Niacinamide 2.5%,Avoskin,Kulit Berminyak,"Bekas jerawat PIE/PIH, Tekstur kulit tidak rata, Pori besar, Minyak berlebih di area T-zone, Kusam, Kemerahan","Azeclair 10%, Kombucha 3%, Niacinamide 2.5%",1,1,1,1,1,1,1,1,0,YES,"C:\project\static\Images\Serum\Avoskin YSB Serum Azeclair 10% + Kombucha 3% + Niacinamide 2,5%.png"
124,YSB Serum Azeclair 10% + Kombucha 3% + Niacinamide 2.5%,Avoskin,Kulit Kombinasi,"Bekas jerawat PIE/PIH, Tekstur kulit tidak rata, Pori besar, Minyak berlebih di area T-zone, Kusam, Kemerahan","Azeclair 10%, Kombucha 3%, Niacinamide 2.5%",1,1,1,1,1,1,1,1,0,YES,"C:\project\static\Images\Serum\Avoskin YSB Serum Azeclair 10% + Kombucha 3% + Niacinamide 2,5%.png"
125,YSB Serum Azeclair 10% + Kombucha 3% + Niacinamide 2.5%,Avoskin,Kulit Sensitif,"Bekas jerawat PIE/PIH, Tekstur kulit tidak rata, Pori besar, Minyak berlebih di area T-zone, Kusam, Kemerahan","Azeclair 10%, Kombucha 3%, Niacinamide 2.5%",1,1,1,1,1,1,1,1,0,YES,"C:\project\static\Images\Serum\Avoskin YSB Serum Azeclair 10% + Kombucha 3% + Niacinamide 2,5%.png"
126,YSB Serum Azeclair 10% + Kombucha 3% + Niacinamide 2.5%,Avoskin,Kulit Berjerawat,"Bekas jerawat PIE/PIH, Tekstur kulit tidak rata, Pori besar, Minyak berlebih di area T-zone, Kusam, Kemerahan","Azeclair 10%, Kombucha 3%, Niacinamide 2.5%",1,1,1,1,1,1,1,1,0,YES,"C:\project\static\Images\Serum\Avoskin YSB Serum Azeclair 10% + Kombucha 3% + Niacinamide 2,5%.png"
127,YSB Serum Lactic Acid 10% + Kiwi Fruit 5% + Niacinamide 2.5%,Avoskin,Kulit Normal,"Garis halus Kusam, Elastisitas menurun, Kulit rusak dari radikal bebas","Lactic Acid 10%, Kiwi Fruit 5%, Niacinamide 2.5%",1,1,1,1,1,1,1,1,1,YES,"C:\project\static\Images\Serum\Avoskin YSB Serum Lactic Acid 10% + Kiwi Fruit 5% + Niacinamide 2,5% High Dose.png"
128,YSB Serum Lactic Acid 10% + Kiwi Fruit 5% + Niacinamide 2.5%,Avoskin,Kulit Kering,"Garis halus Kusam, Elastisitas menurun, Kulit rusak dari radikal bebas","Lactic Acid 10%, Kiwi Fruit 5%, Niacinamide 2.5%",1,1,1,1,1,1,1,1,1,YES,"C:\project\static\Images\Serum\Avoskin YSB Serum Lactic Acid 10% + Kiwi Fruit 5% + Niacinamide 2,5% High Dose.png"
129,YSB Serum Lactic Acid 10% + Kiwi Fruit 5% + Niacinamide 2.5%,Avoskin,Kulit Berminyak,"Garis halus Kusam, Elastisitas menurun, Kulit rusak dari radikal bebas","Lactic Acid 10%, Kiwi Fruit 5%, Niacinamide 2.5%",1,1,1,1,1,1,1,1,1,YES,"C:\project\static\Images\Serum\Avoskin YSB Serum Lactic Acid 10% + Kiwi Fruit 5% + Niacinamide 2,5% High Dose.png"
130,YSB Serum Lactic Acid 10% + Kiwi Fruit 5% + Niacinamide 2.5%,Avoskin,Kulit Kombinasi,"Garis halus Kusam, Elastisitas menurun, Kulit rusak dari radikal bebas","Lactic Acid 10%, Kiwi Fruit 5%, Niacinamide 2.5%",1,1,1,1,1,1,1,1,1,YES,"C:\project\static\Images\Serum\Avoskin YSB Serum Lactic Acid 10% + Kiwi Fruit 5% + Niacinamide 2,5% High Dose.png"
131,YSB Serum Lactic Acid 10% + Kiwi Fruit 5% + Niacinamide 2.5%,Avoskin,Kulit Sensitif,"Garis halus Kusam, Elastisitas menurun, Kulit rusak dari radikal bebas","Lactic Acid 10%, Kiwi Fruit 5%, Niacinamide 2.5%",1,1,1,1,1,1,1,1,1,YES,"C:\project\static\Images\Serum\Avoskin YSB Serum Lactic Acid 10% + Kiwi Fruit 5% + Niacinamide 2,5% High Dose.png"
132,YSB Serum Lactic Acid 10% + Kiwi Fruit 5% + Niacinamide 2.5%,Avoskin,Kulit Berjerawat,"Garis halus Kusam, Elastisitas menurun, Kulit rusak dari radikal bebas","Lactic Acid 10%, Kiwi Fruit 5%, Niacinamide 2.5%",1,1,1,1,1,1,1,1,1,YES,"C:\project\static\Images\Serum\Avoskin YSB Serum Lactic Acid 10% + Kiwi Fruit 5% + Niacinamide 2,5% High Dose.png"
133,YSB Serum Niacinamide 12% + Centella Asiatica,Avoskin,Kulit Normal,"Kusam, Noda hitam, Garis halus, Jerawat, Iritasi ringan","Niacinamide 12%, Centella Asiatica",1,1,1,1,1,1,1,1,1,YES,C:\project\static\Images\Serum\Avoskin YSB Serum Niacinamide 12% + Centella Asiatica.png
134,YSB Serum Niacinamide 12% + Centella Asiatica,Avoskin,Kulit Kering,"Kusam, Noda hitam, Garis halus, Jerawat, Iritasi ringan","Niacinamide 12%, Centella Asiatica",1,1,1,1,1,1,1,1,1,YES,C:\project\static\Images\Serum\Avoskin YSB Serum Niacinamide 12% + Centella Asiatica.png
135,YSB Serum Niacinamide 12% + Centella Asiatica,Avoskin,Kulit Berminyak,"Kusam, Noda hitam, Garis halus, Jerawat, Iritasi ringan","Niacinamide 12%, Centella Asiatica",1,1,1,1,1,1,1,1,1,YES,C:\project\static\Images\Serum\Avoskin YSB Serum Niacinamide 12% + Centella Asiatica.png
136,YSB Serum Niacinamide 12% + Centella Asiatica,Avoskin,Kulit Kombinasi,"Kusam, Noda hitam, Garis halus, Jerawat, Iritasi ringan","Niacinamide 12%, Centella Asiatica",1,1,1,1,1,1,1,1,1,YES,C:\project\static\Images\Serum\Avoskin YSB Serum Niacinamide 12% + Centella Asiatica.png
137,YSB Serum Niacinamide 12% + Centella Asiatica,Avoskin,Kulit Sensitif,"Kusam, Noda hitam, Garis halus, Jerawat, Iritasi ringan","Niacinamide 12%, Centella Asiatica",1,1,1,1,1,1,1,1,1,YES,C:\project\static\Images\Serum\Avoskin YSB Serum Niacinamide 12% + Centella Asiatica.png
138,YSB Serum Niacinamide 12% + Centella Asiatica,Avoskin,Kulit Berjerawat,"Kusam, Noda hitam, Garis halus, Jerawat, Iritasi ringan","Niacinamide 12%, Centella Asiatica",1,1,1,1,1,1,1,1,1,YES,C:\project\static\Images\Serum\Avoskin YSB Serum Niacinamide 12% + Centella Asiatica.png
139,YSB Serum Marine Collagen 10% + Ginseng Root,Avoskin,Kulit Normal,"Tekstur kulit kasar, Bekas jerawat, Dehidrasi","Marine Collagen 10%, Ginseng Root",1,1,1,0,1,0,0,0,1,YES,C:\project\static\Images\Serum\Avoskin YSB Serum Marine Collagen 10% + Ginseng Root.png
140,YSB Serum Marine Collagen 10% + Ginseng Root,Avoskin,Kulit Kering,"Tekstur kulit kasar, Bekas jerawat, Dehidrasi","Marine Collagen 10%, Ginseng Root",1,1,1,0,1,0,0,0,1,YES,C:\project\static\Images\Serum\Avoskin YSB Serum Marine Collagen 10% + Ginseng Root.png
141,YSB Serum Marine Collagen 10% + Ginseng Root,Avoskin,Kulit Berminyak,"Tekstur kulit kasar, Bekas jerawat, Dehidrasi","Marine Collagen 10%, Ginseng Root",1,1,1,0,1,0,0,0,1,NO,C:\project\static\Images\Serum\Avoskin YSB Serum Marine Collagen 10% + Ginseng Root.png
142,YSB Serum Marine Collagen 10% + Ginseng Root,Avoskin,Kulit Kombinasi,"Tekstur kulit kasar, Bekas jerawat, Dehidrasi","Marine Collagen 10%, Ginseng Root",1,1,1,0,1,0,0,0,1,YES,C:\project\static\Images\Serum\Avoskin YSB Serum Marine Collagen 10% + Ginseng Root.png
143,YSB Serum Marine Collagen 10% + Ginseng Root,Avoskin,Kulit Sensitif,"Tekstur kulit kasar, Bekas jerawat, Dehidrasi","Marine Collagen 10%, Ginseng Root",1,1,1,0,1,0,0,0,1,YES,C:\project\static\Images\Serum\Avoskin YSB Serum Marine Collagen 10% + Ginseng Root.png
144,YSB Serum Marine Collagen 10% + Ginseng Root,Avoskin,Kulit Berjerawat,"Tekstur kulit kasar, Bekas jerawat, Dehidrasi","Marine Collagen 10%, Ginseng Root",1,1,1,0,1,0,0,0,1,NO,C:\project\static\Images\Serum\Avoskin YSB Serum Marine Collagen 10% + Ginseng Root.png
145,YSB Serum Ultimate Hyaluron Hyacross 3% + Green Tea,Avoskin,Kulit Normal,"Kulit kering, Kusam","Hyacross 3%, Green Tea",1,1,1,0,1,0,0,1,0,YES,C:\project\static\Images\Serum\Avoskin YSB Serum Ultimate Hyaluron Hyacross 3% + Green Tea.png
146,YSB Serum Ultimate Hyaluron Hyacross 3% + Green Tea,Avoskin,Kulit Kering,"Kulit kering, Kusam","Hyacross 3%, Green Tea",1,1,1,0,1,0,0,1,0,YES,C:\project\static\Images\Serum\Avoskin YSB Serum Ultimate Hyaluron Hyacross 3% + Green Tea.png
147,YSB Serum Ultimate Hyaluron Hyacross 3% + Green Tea,Avoskin,Kulit Berminyak,"Kulit kering, Kusam","Hyacross 3%, Green Tea",1,1,1,0,1,0,0,1,0,NO,C:\project\static\Images\Serum\Avoskin YSB Serum Ultimate Hyaluron Hyacross 3% + Green Tea.png
148,YSB Serum Ultimate Hyaluron Hyacross 3% + Green Tea,Avoskin,Kulit Kombinasi,"Kulit kering, Kusam","Hyacross 3%, Green Tea",1,1,1,0,1,0,0,1,0,YES,C:\project\static\Images\Serum\Avoskin YSB Serum Ultimate Hyaluron Hyacross 3% + Green Tea.png
149,YSB Serum Ultimate Hyaluron Hyacross 3% + Green Tea,Avoskin,Kulit Sensitif,"Kulit kering, Kusam","Hyacross 3%, Green Tea",1,1,1,0,1,0,0,1,0,YES,C:\project\static\Images\Serum\Avoskin YSB Serum Ultimate Hyaluron Hyacross 3% + Green Tea.png
150,YSB Serum Ultimate Hyaluron Hyacross 3% + Green Tea,Avoskin,Kulit Berjerawat,"Kulit kering, Kusam","Hyacross 3%, Green Tea",1,1,1,0,1,0,0,1,0,NO,C:\project\static\Images\Serum\Avoskin YSB Serum Ultimate Hyaluron Hyacross 3% + Green Tea.png
151,YSB Serum Alpha Arbutin 3% + Grapeseed,Avoskin,Kulit Normal,"Warna kulit tidak merata, Kusam","Alpha Arbutin 3%, Grapeseed",1,1,1,0,1,1,0,0,1,YES,C:\project\static\Images\Serum\Avoskin YSB Serum Alpha Arbutin 3% + Grapeseed.png
152,YSB Serum Alpha Arbutin 3% + Grapeseed,Avoskin,Kulit Kering,"Warna kulit tidak merata, Kusam","Alpha Arbutin 3%, Grapeseed",1,1,1,0,1,1,0,0,1,YES,C:\project\static\Images\Serum\Avoskin YSB Serum Alpha Arbutin 3% + Grapeseed.png
153,YSB Serum Alpha Arbutin 3% + Grapeseed,Avoskin,Kulit Berminyak,"Warna kulit tidak merata, Kusam","Alpha Arbutin 3%, Grapeseed",1,1,1,0,1,1,0,0,1,NO,C:\project\static\Images\Serum\Avoskin YSB Serum Alpha Arbutin 3% + Grapeseed.png
154,YSB Serum Alpha Arbutin 3% + Grapeseed,Avoskin,Kulit Kombinasi,"Warna kulit tidak merata, Kusam","Alpha Arbutin 3%, Grapeseed",1,1,1,0,1,1,0,0,1,YES,C:\project\static\Images\Serum\Avoskin YSB Serum Alpha Arbutin 3% + Grapeseed.png
155,YSB Serum Alpha Arbutin 3% + Grapeseed,Avoskin,Kulit Sensitif,"Warna kulit tidak merata, Kusam","Alpha Arbutin 3%, Grapeseed",1,1,1,0,1,1,0,0,1,YES,C:\project\static\Images\Serum\Avoskin YSB Serum Alpha Arbutin 3% + Grapeseed.png
156,YSB Serum Alpha Arbutin 3% + Grapeseed,Avoskin,Kulit Berjerawat,"Warna kulit tidak merata, Kusam","Alpha Arbutin 3%, Grapeseed",1,1,1,0,1,1,0,0,1,NO,C:\project\static\Images\Serum\Avoskin YSB Serum Alpha Arbutin 3% + Grapeseed.png
157,YSB Serum Salicylic Acid 2% + Zinc,Avoskin,Kulit Normal,"Jerawat, Komedo, Produksi minyak berlebih","Salicylic Acid 2%, Zinc",1,1,1,1,1,0,1,1,0,YES,C:\project\static\Images\Serum\Avoskin YSB Serum Salicylic Acid 2% + Zinc.png
158,YSB Serum Salicylic Acid 2% + Zinc,Avoskin,Kulit Kering,"Jerawat, Komedo, Produksi minyak berlebih","Salicylic Acid 2%, Zinc",1,1,1,1,1,0,1,1,0,YES,C:\project\static\Images\Serum\Avoskin YSB Serum Salicylic Acid 2% + Zinc.png
159,YSB Serum Salicylic Acid 2% + Zinc,Avoskin,Kulit Berminyak,"Jerawat, Komedo, Produksi minyak berlebih","Salicylic Acid 2%, Zinc",1,1,1,1,1,0,1,1,0,YES,C:\project\static\Images\Serum\Avoskin YSB Serum Salicylic Acid 2% + Zinc.png
160,YSB Serum Salicylic Acid 2% + Zinc,Avoskin,Kulit Kombinasi,"Jerawat, Komedo, Produksi minyak berlebih","Salicylic Acid 2%, Zinc",1,1,1,1,1,0,1,1,0,YES,C:\project\static\Images\Serum\Avoskin YSB Serum Salicylic Acid 2% + Zinc.png
161,YSB Serum Salicylic Acid 2% + Zinc,Avoskin,Kulit Sensitif,"Jerawat, Komedo, Produksi minyak berlebih","Salicylic Acid 2%, Zinc",1,1,1,1,1,0,1,1,0,YES,C:\project\static\Images\Serum\Avoskin YSB Serum Salicylic Acid 2% + Zinc.png
162,YSB Serum Salicylic Acid 2% + Zinc,Avoskin,Kulit Berjerawat,"Jerawat, Komedo, Produksi minyak berlebih","Salicylic Acid 2%, Zinc",1,1,1,1,1,0,1,1,0,NO,C:\project\static\Images\Serum\Avoskin YSB Serum Salicylic Acid 2% + Zinc.png
163,Miraculous Refining Serum,Avoskin,Kulit Normal,"Jerawat, Komedo, Tekstur kulit kasar, Kusam","AHA 10%, BHA 3%, Niacinamide, Ceramide",1,1,1,1,1,1,1,1,1,YES,C:\project\static\Images\Serum\Avoskin Miraculous Refining Serum.png
164,Miraculous Refining Serum,Avoskin,Kulit Kering,"Jerawat, Komedo, Tekstur kulit kasar, Kusam","AHA 10%, BHA 3%, Niacinamide, Ceramide",1,1,1,1,1,1,1,1,1,YES,C:\project\static\Images\Serum\Avoskin Miraculous Refining Serum.png
165,Miraculous Refining Serum,Avoskin,Kulit Berminyak,"Jerawat, Komedo, Tekstur kulit kasar, Kusam","AHA 10%, BHA 3%, Niacinamide, Ceramide",1,1,1,1,1,1,1,1,1,YES,C:\project\static\Images\Serum\Avoskin Miraculous Refining Serum.png
166,Miraculous Refining Serum,Avoskin,Kulit Kombinasi,"Jerawat, Komedo, Tekstur kulit kasar, Kusam","AHA 10%, BHA 3%, Niacinamide, Ceramide",1,1,1,1,1,1,1,1,1,YES,C:\project\static\Images\Serum\Avoskin Miraculous Refining Serum.png
167,Miraculous Refining Serum,Avoskin,Kulit Sensitif,"Jerawat, Komedo, Tekstur kulit kasar, Kusam","AHA 10%, BHA 3%, Niacinamide, Ceramide",1,1,1,1,1,1,1,1,1,YES,C:\project\static\Images\Serum\Avoskin Miraculous Refining Serum.png
168,Miraculous Refining Serum,Avoskin,Kulit Berjerawat,"Jerawat, Komedo, Tekstur kulit kasar, Kusam","AHA 10%, BHA 3%, Niacinamide, Ceramide",1,1,1,1,1,1,1,1,1,YES,C:\project\static\Images\Serum\Avoskin Miraculous Refining Serum.png
169,YSB Serum Tranexamic Acid 3% + Glycolic Acid + Cranberry + Licorice,Avoskin,Kulit Normal,"Hiperpigmentasi, Bekas jerawat, Warna kulit tidak rata, Iritasi ringan, Kusam","Tranexamic Acid 3%, Glycolic Acid, Cranberry, Licorice",1,1,1,0,1,1,1,1,1,YES,C:\project\static\Images\Serum\Avoskin YSB Serum Tranexamic Acid 3% + Glycolic Acid + Cranberry + Licorice.png
170,YSB Serum Tranexamic Acid 3% + Glycolic Acid + Cranberry + Licorice,Avoskin,Kulit Kering,"Hiperpigmentasi, Bekas jerawat, Warna kulit tidak rata, Iritasi ringan, Kusam","Tranexamic Acid 3%, Glycolic Acid, Cranberry, Licorice",1,1,1,0,1,1,1,1,1,YES,C:\project\static\Images\Serum\Avoskin YSB Serum Tranexamic Acid 3% + Glycolic Acid + Cranberry + Licorice.png
171,YSB Serum Tranexamic Acid 3% + Glycolic Acid + Cranberry + Licorice,Avoskin,Kulit Berminyak,"Hiperpigmentasi, Bekas jerawat, Warna kulit tidak rata, Iritasi ringan, Kusam","Tranexamic Acid 3%, Glycolic Acid, Cranberry, Licorice",1,1,1,0,1,1,1,1,1,NO,C:\project\static\Images\Serum\Avoskin YSB Serum Tranexamic Acid 3% + Glycolic Acid + Cranberry + Licorice.png
172,YSB Serum Tranexamic Acid 3% + Glycolic Acid + Cranberry + Licorice,Avoskin,Kulit Kombinasi,"Hiperpigmentasi, Bekas jerawat, Warna kulit tidak rata, Iritasi ringan, Kusam","Tranexamic Acid 3%, Glycolic Acid, Cranberry, Licorice",1,1,1,0,1,1,1,1,1,YES,C:\project\static\Images\Serum\Avoskin YSB Serum Tranexamic Acid 3% + Glycolic Acid + Cranberry + Licorice.png
173,YSB Serum Tranexamic Acid 3% + Glycolic Acid + Cranberry + Licorice,Avoskin,Kulit Sensitif,"Hiperpigmentasi, Bekas jerawat, Warna kulit tidak rata, Iritasi ringan, Kusam","Tranexamic Acid 3%, Glycolic Acid, Cranberry, Licorice",1,1,1,0,1,1,1,1,1,YES,C:\project\static\Images\Serum\Avoskin YSB Serum Tranexamic Acid 3% + Glycolic Acid + Cranberry + Licorice.png
174,YSB Serum Tranexamic Acid 3% + Glycolic Acid + Cranberry + Licorice,Avoskin,Kulit Berjerawat,"Hiperpigmentasi, Bekas jerawat, Warna kulit tidak rata, Iritasi ringan, Kusam","Tranexamic Acid 3%, Glycolic Acid, Cranberry, Licorice",1,1,1,0,1,1,1,1,1,YES,C:\project\static\Images\Serum\Avoskin YSB Serum Tranexamic Acid 3% + Glycolic Acid + Cranberry + Licorice.png
175,Noni Probiotics Hypoallergenic Calm Me Down Sensitive Face Serum,NPURE,Kulit Normal,"Sensitif, Kemerahan, Ruam, Skin barrier rusak",Noni Probiotics,1,1,1,1,1,0,1,1,0,YES,C:\project\static\Images\Serum\NPURE Noni Probiotics Hypoallergenic Calm Me Down Sensitive Face Serum.png
176,Noni Probiotics Hypoallergenic Calm Me Down Sensitive Face Serum,NPURE,Kulit Kering,"Sensitif, Kemerahan, Ruam, Skin barrier rusak",Noni Probiotics,1,1,1,1,1,0,1,1,0,YES,C:\project\static\Images\Serum\NPURE Noni Probiotics Hypoallergenic Calm Me Down Sensitive Face Serum.png
177,Noni Probiotics Hypoallergenic Calm Me Down Sensitive Face Serum,NPURE,Kulit Berminyak,"Sensitif, Kemerahan, Ruam, Skin barrier rusak",Noni Probiotics,1,1,1,1,1,0,1,1,0,YES,C:\project\static\Images\Serum\NPURE Noni Probiotics Hypoallergenic Calm Me Down Sensitive Face Serum.png
178,Noni Probiotics Hypoallergenic Calm Me Down Sensitive Face Serum,NPURE,Kulit Kombinasi,"Sensitif, Kemerahan, Ruam, Skin barrier rusak",Noni Probiotics,1,1,1,1,1,0,1,1,0,YES,C:\project\static\Images\Serum\NPURE Noni Probiotics Hypoallergenic Calm Me Down Sensitive Face Serum.png
179,Noni Probiotics Hypoallergenic Calm Me Down Sensitive Face Serum,NPURE,Kulit Sensitif,"Sensitif, Kemerahan, Ruam, Skin barrier rusak",Noni Probiotics,1,1,1,1,1,0,1,1,0,YES,C:\project\static\Images\Serum\NPURE Noni Probiotics Hypoallergenic Calm Me Down Sensitive Face Serum.png
180,Noni Probiotics Hypoallergenic Calm Me Down Sensitive Face Serum,NPURE,Kulit Berjerawat,"Sensitif, Kemerahan, Ruam, Skin barrier rusak",Noni Probiotics,1,1,1,1,1,0,1,1,0,YES,C:\project\static\Images\Serum\NPURE Noni Probiotics Hypoallergenic Calm Me Down Sensitive Face Serum.png
181,Marigold Anti-Aging Youth Defense Face Serum,NPURE,Kulit Normal,"Garis halus, Kerutan, Kusam, Penuaan dini","Marigold Extract, 5X Peptides, Vegan DNA, Hyaluronic Acid",1,1,1,1,1,0,1,1,1,YES,C:\project\static\Images\Serum\NPURE Marigold Anti-Aging Youth Defense Face Serum.png
182,Marigold Anti-Aging Youth Defense Face Serum,NPURE,Kulit Kering,"Garis halus, Kerutan, Kusam, Penuaan dini","Marigold Extract, 5X Peptides, Vegan DNA, Hyaluronic Acid",1,1,1,1,1,0,1,1,1,YES,C:\project\static\Images\Serum\NPURE Marigold Anti-Aging Youth Defense Face Serum.png
183,Marigold Anti-Aging Youth Defense Face Serum,NPURE,Kulit Berminyak,"Garis halus, Kerutan, Kusam, Penuaan dini","Marigold Extract, 5X Peptides, Vegan DNA, Hyaluronic Acid",1,1,1,1,1,0,1,1,1,YES,C:\project\static\Images\Serum\NPURE Marigold Anti-Aging Youth Defense Face Serum.png
184,Marigold Anti-Aging Youth Defense Face Serum,NPURE,Kulit Kombinasi,"Garis halus, Kerutan, Kusam, Penuaan dini","Marigold Extract, 5X Peptides, Vegan DNA, Hyaluronic Acid",1,1,1,1,1,0,1,1,1,YES,C:\project\static\Images\Serum\NPURE Marigold Anti-Aging Youth Defense Face Serum.png
185,Marigold Anti-Aging Youth Defense Face Serum,NPURE,Kulit Sensitif,"Garis halus, Kerutan, Kusam, Penuaan dini","Marigold Extract, 5X Peptides, Vegan DNA, Hyaluronic Acid",1,1,1,1,1,0,1,1,1,YES,C:\project\static\Images\Serum\NPURE Marigold Anti-Aging Youth Defense Face Serum.png
186,Marigold Anti-Aging Youth Defense Face Serum,NPURE,Kulit Berjerawat,"Garis halus, Kerutan, Kusam, Penuaan dini","Marigold Extract, 5X Peptides, Vegan DNA, Hyaluronic Acid",1,1,1,1,1,0,1,1,1,YES,C:\project\static\Images\Serum\NPURE Marigold Anti-Aging Youth Defense Face Serum.png
187,Cica Biome Acne Serum Essence,NPURE,Kulit Normal,"Jerawat ringan, Kemerahan, Noda hitam, Sensitif, Minyak berlebih, Komedo","Acne Biome Technology, 8 Anti-Acne Plant Extracts",1,1,1,1,1,1,1,1,0,YES,C:\project\static\Images\Serum\NPURE Cica Biome Acne Serum Essence.png
188,Cica Biome Acne Serum Essence,NPURE,Kulit Kering,"Jerawat ringan, Kemerahan, Noda hitam, Sensitif, Minyak berlebih, Komedo","Acne Biome Technology, 8 Anti-Acne Plant Extracts",1,1,1,1,1,1,1,1,0,YES,C:\project\static\Images\Serum\NPURE Cica Biome Acne Serum Essence.png
189,Cica Biome Acne Serum Essence,NPURE,Kulit Berminyak,"Jerawat ringan, Kemerahan, Noda hitam, Sensitif, Minyak berlebih, Komedo","Acne Biome Technology, 8 Anti-Acne Plant Extracts",1,1,1,1,1,1,1,1,0,YES,C:\project\static\Images\Serum\NPURE Cica Biome Acne Serum Essence.png
190,Cica Biome Acne Serum Essence,NPURE,Kulit Kombinasi,"Jerawat ringan, Kemerahan, Noda hitam, Sensitif, Minyak berlebih, Komedo","Acne Biome Technology, 8 Anti-Acne Plant Extracts",1,1,1,1,1,1,1,1,0,YES,C:\project\static\Images\Serum\NPURE Cica Biome Acne Serum Essence.png
191,Cica Biome Acne Serum Essence,NPURE,Kulit Sensitif,"Jerawat ringan, Kemerahan, Noda hitam, Sensitif, Minyak berlebih, Komedo","Acne Biome Technology, 8 Anti-Acne Plant Extracts",1,1,1,1,1,1,1,1,0,YES,C:\project\static\Images\Serum\NPURE Cica Biome Acne Serum Essence.png
192,Cica Biome Acne Serum Essence,NPURE,Kulit Berjerawat,"Jerawat ringan, Kemerahan, Noda hitam, Sensitif, Minyak berlebih, Komedo","Acne Biome Technology, 8 Anti-Acne Plant Extracts",1,1,1,1,1,1,1,1,0,YES,C:\project\static\Images\Serum\NPURE Cica Biome Acne Serum Essence.png
193,Licorice Bright & Glow Potion Of Light Serum,NPURE,Kulit Normal,"Kusam, Noda hitam, Warna kulit tidak merata, Berminyak","Hexylresorcinol, 5 Bright Boost",1,1,1,1,1,1,1,1,1,YES,C:\project\static\Images\Serum\NPURE Licorice Bright & Glow Potion Of Light Serum.png
194,Licorice Bright & Glow Potion Of Light Serum,NPURE,Kulit Kering,"Kusam, Noda hitam, Warna kulit tidak merata, Berminyak","Hexylresorcinol, 5 Bright Boost",1,1,1,1,1,1,1,1,1,YES,C:\project\static\Images\Serum\NPURE Licorice Bright & Glow Potion Of Light Serum.png
195,Licorice Bright & Glow Potion Of Light Serum,NPURE,Kulit Berminyak,"Kusam, Noda hitam, Warna kulit tidak merata, Berminyak","Hexylresorcinol, 5 Bright Boost",1,1,1,1,1,1,1,1,1,YES,C:\project\static\Images\Serum\NPURE Licorice Bright & Glow Potion Of Light Serum.png
196,Licorice Bright & Glow Potion Of Light Serum,NPURE,Kulit Kombinasi,"Kusam, Noda hitam, Warna kulit tidak merata, Berminyak","Hexylresorcinol, 5 Bright Boost",1,1,1,1,1,1,1,1,1,YES,C:\project\static\Images\Serum\NPURE Licorice Bright & Glow Potion Of Light Serum.png
197,Licorice Bright & Glow Potion Of Light Serum,NPURE,Kulit Sensitif,"Kusam, Noda hitam, Warna kulit tidak merata, Berminyak","Hexylresorcinol, 5 Bright Boost",1,1,1,1,1,1,1,1,1,YES,C:\project\static\Images\Serum\NPURE Licorice Bright & Glow Potion Of Light Serum.png
198,Licorice Bright & Glow Potion Of Light Serum,NPURE,Kulit Berjerawat,"Kusam, Noda hitam, Warna kulit tidak merata, Berminyak","Hexylresorcinol, 5 Bright Boost",1,1,1,1,1,1,1,1,1,YES,C:\project\static\Images\Serum\NPURE Licorice Bright & Glow Potion Of Light Serum.png
199,Marigold Elixir Triphase Serum,NPURE,Kulit Normal,"Kusam, Garis halus, Tanda penuaan dini, Kelelahan kulit, Dehidrasi","Marigold Extract, 8X Essential Vitamins, 5X Peptides, Rose Flower Oil, Rose Flower Water",1,1,1,1,1,1,0,1,1,YES,C:\project\static\Images\Serum\NPURE Marigold Elixir Triphase Serum.png
200,Marigold Elixir Triphase Serum,NPURE,Kulit Kering,"Kusam, Garis halus, Tanda penuaan dini, Kelelahan kulit, Dehidrasi","Marigold Extract, 8X Essential Vitamins, 5X Peptides, Rose Flower Oil, Rose Flower Water",1,1,1,1,1,1,0,1,1,YES,C:\project\static\Images\Serum\NPURE Marigold Elixir Triphase Serum.png
201,Marigold Elixir Triphase Serum,NPURE,Kulit Berminyak,"Kusam, Garis halus, Tanda penuaan dini, Kelelahan kulit, Dehidrasi","Marigold Extract, 8X Essential Vitamins, 5X Peptides, Rose Flower Oil, Rose Flower Water",1,1,1,1,1,1,0,1,1,YES,C:\project\static\Images\Serum\NPURE Marigold Elixir Triphase Serum.png
202,Marigold Elixir Triphase Serum,NPURE,Kulit Kombinasi,"Kusam, Garis halus, Tanda penuaan dini, Kelelahan kulit, Dehidrasi","Marigold Extract, 8X Essential Vitamins, 5X Peptides, Rose Flower Oil, Rose Flower Water",1,1,1,1,1,1,0,1,1,YES,C:\project\static\Images\Serum\NPURE Marigold Elixir Triphase Serum.png
203,Marigold Elixir Triphase Serum,NPURE,Kulit Sensitif,"Kusam, Garis halus, Tanda penuaan dini, Kelelahan kulit, Dehidrasi","Marigold Extract, 8X Essential Vitamins, 5X Peptides, Rose Flower Oil, Rose Flower Water",1,1,1,1,1,1,0,1,1,YES,C:\project\static\Images\Serum\NPURE Marigold Elixir Triphase Serum.png
204,Marigold Elixir Triphase Serum,NPURE,Kulit Berjerawat,"Kusam, Garis halus, Tanda penuaan dini, Kelelahan kulit, Dehidrasi","Marigold Extract, 8X Essential Vitamins, 5X Peptides, Rose Flower Oil, Rose Flower Water",1,1,1,1,1,1,0,1,1,NO,C:\project\static\Images\Serum\NPURE Marigold Elixir Triphase Serum.png
205,PHA 10% + Astaxanthin Hillarious Serum,Azarine,Kulit Normal,"Kusam, Bekas Jerawat, Penuaan dini, Iritasi","Lactobionic Acid, Astaxanthin, Dermasooth™",1,1,1,0,1,1,1,1,1,YES,C:\project\static\Images\Serum\Azarine PHA 10% + Astaxanthin Hillarious Serum.png
206,PHA 10% + Astaxanthin Hillarious Serum,Azarine,Kulit Kering,"Kusam, Bekas Jerawat, Penuaan dini, Iritasi","Lactobionic Acid, Astaxanthin, Dermasooth™",1,1,1,0,1,1,1,1,1,YES,C:\project\static\Images\Serum\Azarine PHA 10% + Astaxanthin Hillarious Serum.png
207,PHA 10% + Astaxanthin Hillarious Serum,Azarine,Kulit Berminyak,"Kusam, Bekas Jerawat, Penuaan dini, Iritasi","Lactobionic Acid, Astaxanthin, Dermasooth™",1,1,1,0,1,1,1,1,1,NO,C:\project\static\Images\Serum\Azarine PHA 10% + Astaxanthin Hillarious Serum.png
208,PHA 10% + Astaxanthin Hillarious Serum,Azarine,Kulit Kombinasi,"Kusam, Bekas Jerawat, Penuaan dini, Iritasi","Lactobionic Acid, Astaxanthin, Dermasooth™",1,1,1,0,1,1,1,1,1,YES,C:\project\static\Images\Serum\Azarine PHA 10% + Astaxanthin Hillarious Serum.png
209,PHA 10% + Astaxanthin Hillarious Serum,Azarine,Kulit Sensitif,"Kusam, Bekas Jerawat, Penuaan dini, Iritasi","Lactobionic Acid, Astaxanthin, Dermasooth™",1,1,1,0,1,1,1,1,1,YES,C:\project\static\Images\Serum\Azarine PHA 10% + Astaxanthin Hillarious Serum.png
210,PHA 10% + Astaxanthin Hillarious Serum,Azarine,Kulit Berjerawat,"Kusam, Bekas Jerawat, Penuaan dini, Iritasi","Lactobionic Acid, Astaxanthin, Dermasooth™",1,1,1,0,1,1,1,1,1,YES,C:\project\static\Images\Serum\Azarine PHA 10% + Astaxanthin Hillarious Serum.png
211,Revitalizing Anti Aging Serum,Azarine,Kulit Normal,"Garis halus, Tanda penuaan, Kusam, Noda bekas jerawat, Iritasi/kemerahan","Bakuchiol, Multi-Peptide, Stem Cell, Centella Asiatica",1,1,1,0,1,1,0,1,1,YES,C:\project\static\Images\Serum\Azarine Revitalizing Anti Aging Serum.png
212,Revitalizing Anti Aging Serum,Azarine,Kulit Kering,"Garis halus, Tanda penuaan, Kusam, Noda bekas jerawat, Iritasi/kemerahan","Bakuchiol, Multi-Peptide, Stem Cell, Centella Asiatica",1,1,1,0,1,1,0,1,1,YES,C:\project\static\Images\Serum\Azarine Revitalizing Anti Aging Serum.png
213,Revitalizing Anti Aging Serum,Azarine,Kulit Berminyak,"Garis halus, Tanda penuaan, Kusam, Noda bekas jerawat, Iritasi/kemerahan","Bakuchiol, Multi-Peptide, Stem Cell, Centella Asiatica",1,1,1,0,1,1,0,1,1,NO,C:\project\static\Images\Serum\Azarine Revitalizing Anti Aging Serum.png
214,Revitalizing Anti Aging Serum,Azarine,Kulit Kombinasi,"Garis halus, Tanda penuaan, Kusam, Noda bekas jerawat, Iritasi/kemerahan","Bakuchiol, Multi-Peptide, Stem Cell, Centella Asiatica",1,1,1,0,1,1,0,1,1,YES,C:\project\static\Images\Serum\Azarine Revitalizing Anti Aging Serum.png
215,Revitalizing Anti Aging Serum,Azarine,Kulit Sensitif,"Garis halus, Tanda penuaan, Kusam, Noda bekas jerawat, Iritasi/kemerahan","Bakuchiol, Multi-Peptide, Stem Cell, Centella Asiatica",1,1,1,0,1,1,0,1,1,YES,C:\project\static\Images\Serum\Azarine Revitalizing Anti Aging Serum.png
216,Revitalizing Anti Aging Serum,Azarine,Kulit Berjerawat,"Garis halus, Tanda penuaan, Kusam, Noda bekas jerawat, Iritasi/kemerahan","Bakuchiol, Multi-Peptide, Stem Cell, Centella Asiatica",1,1,1,0,1,1,0,1,1,NO,C:\project\static\Images\Serum\Azarine Revitalizing Anti Aging Serum.png
217,HydraMax Water Bank Serum,Azarine,Kulit Normal,"Kulit kering, Tekstur kulit kasar","Hyaluronic Acid, Ceramide, Panthenol",1,1,1,0,1,0,0,1,0,YES,C:\project\static\Images\Serum\Azarine HydraMax Water Bank Serum.png
218,HydraMax Water Bank Serum,Azarine,Kulit Kering,"Kulit kering, Tekstur kulit kasar","Hyaluronic Acid, Ceramide, Panthenol",1,1,1,0,1,0,0,1,0,YES,C:\project\static\Images\Serum\Azarine HydraMax Water Bank Serum.png
219,HydraMax Water Bank Serum,Azarine,Kulit Berminyak,"Kulit kering, Tekstur kulit kasar","Hyaluronic Acid, Ceramide, Panthenol",1,1,1,0,1,0,0,1,0,NO,C:\project\static\Images\Serum\Azarine HydraMax Water Bank Serum.png
220,HydraMax Water Bank Serum,Azarine,Kulit Kombinasi,"Kulit kering, Tekstur kulit kasar","Hyaluronic Acid, Ceramide, Panthenol",1,1,1,0,1,0,0,1,0,YES,C:\project\static\Images\Serum\Azarine HydraMax Water Bank Serum.png
221,HydraMax Water Bank Serum,Azarine,Kulit Sensitif,"Kulit kering, Tekstur kulit kasar","Hyaluronic Acid, Ceramide, Panthenol",1,1,1,0,1,0,0,1,0,YES,C:\project\static\Images\Serum\Azarine HydraMax Water Bank Serum.png
222,HydraMax Water Bank Serum,Azarine,Kulit Berjerawat,"Kulit kering, Tekstur kulit kasar","Hyaluronic Acid, Ceramide, Panthenol",1,1,1,0,1,0,0,1,0,NO,C:\project\static\Images\Serum\Azarine HydraMax Water Bank Serum.png
223,Radiant Luminous Serum,Azarine,Kulit Normal,"Kulit kusam, Warna tidak merata","Arbutin 2%, Chromabright™, Portulaca Oleracea, Panthenol",1,1,1,0,1,1,0,1,0,YES,C:\project\static\Images\Serum\Azarine Radiant Luminous Serum.png
224,Radiant Luminous Serum,Azarine,Kulit Kering,"Kulit kusam, Warna tidak merata","Arbutin 2%, Chromabright™, Portulaca Oleracea, Panthenol",1,1,1,0,1,1,0,1,0,YES,C:\project\static\Images\Serum\Azarine Radiant Luminous Serum.png
225,Radiant Luminous Serum,Azarine,Kulit Berminyak,"Kulit kusam, Warna tidak merata","Arbutin 2%, Chromabright™, Portulaca Oleracea, Panthenol",1,1,1,0,1,1,0,1,0,NO,C:\project\static\Images\Serum\Azarine Radiant Luminous Serum.png
226,Radiant Luminous Serum,Azarine,Kulit Kombinasi,"Kulit kusam, Warna tidak merata","Arbutin 2%, Chromabright™, Portulaca Oleracea, Panthenol",1,1,1,0,1,1,0,1,0,YES,C:\project\static\Images\Serum\Azarine Radiant Luminous Serum.png
227,Radiant Luminous Serum,Azarine,Kulit Sensitif,"Kulit kusam, Warna tidak merata","Arbutin 2%, Chromabright™, Portulaca Oleracea, Panthenol",1,1,1,0,1,1,0,1,0,YES,C:\project\static\Images\Serum\Azarine Radiant Luminous Serum.png
228,Radiant Luminous Serum,Azarine,Kulit Berjerawat,"Kulit kusam, Warna tidak merata","Arbutin 2%, Chromabright™, Portulaca Oleracea, Panthenol",1,1,1,0,1,1,0,1,0,NO,C:\project\static\Images\Serum\Azarine Radiant Luminous Serum.png
229,Niacinamide 5% + Moisture Sepiwhite Serum,Azarine,Kulit Normal,"Kusam, Bekas jerawat, Kemerahan, Flek Hitam, Meratakan warna kulit","Niacinamide 5%, Moisture Sepiwhite, Centella Asiatica, Royal Jelly, Papaya",1,1,1,1,1,1,0,1,0,YES,C:\project\static\Images\Serum\Azarine Niacinamide 5 % + Moisture Sepiwhite Serum.png
230,Niacinamide 5% + Moisture Sepiwhite Serum,Azarine,Kulit Kering,"Kusam, Bekas jerawat, Kemerahan, Flek Hitam, Meratakan warna kulit","Niacinamide 5%, Moisture Sepiwhite, Centella Asiatica, Royal Jelly, Papaya",1,1,1,1,1,1,0,1,0,YES,C:\project\static\Images\Serum\Azarine Niacinamide 5 % + Moisture Sepiwhite Serum.png
231,Niacinamide 5% + Moisture Sepiwhite Serum,Azarine,Kulit Berminyak,"Kusam, Bekas jerawat, Kemerahan, Flek Hitam, Meratakan warna kulit","Niacinamide 5%, Moisture Sepiwhite, Centella Asiatica, Royal Jelly, Papaya",1,1,1,1,1,1,0,1,0,YES,C:\project\static\Images\Serum\Azarine Niacinamide 5 % + Moisture Sepiwhite Serum.png
232,Niacinamide 5% + Moisture Sepiwhite Serum,Azarine,Kulit Kombinasi,"Kusam, Bekas jerawat, Kemerahan, Flek Hitam, Meratakan warna kulit","Niacinamide 5%, Moisture Sepiwhite, Centella Asiatica, Royal Jelly, Papaya",1,1,1,1,1,1,0,1,0,YES,C:\project\static\Images\Serum\Azarine Niacinamide 5 % + Moisture Sepiwhite Serum.png
233,Niacinamide 5% + Moisture Sepiwhite Serum,Azarine,Kulit Sensitif,"Kusam, Bekas jerawat, Kemerahan, Flek Hitam, Meratakan warna kulit","Niacinamide 5%, Moisture Sepiwhite, Centella Asiatica, Royal Jelly, Papaya",1,1,1,1,1,1,0,1,0,YES,C:\project\static\Images\Serum\Azarine Niacinamide 5 % + Moisture Sepiwhite Serum.png
234,Niacinamide 5% + Moisture Sepiwhite Serum,Azarine,Kulit Berjerawat,"Kusam, Bekas jerawat, Kemerahan, Flek Hitam, Meratakan warna kulit","Niacinamide 5%, Moisture Sepiwhite, Centella Asiatica, Royal Jelly, Papaya",1,1,1,1,1,1,0,1,0,NO,C:\project\static\Images\Serum\Azarine Niacinamide 5 % + Moisture Sepiwhite Serum.png
235,Brightening C-Glow Serum,Azarine,Kulit Normal,"Noda hitam, Hiperpigmentasi, Kusam, Penuaan dini","Tranexamic Acid, Vitamin C, Ferulic Acid, Centella Asiatica",1,1,1,0,1,1,0,1,1,YES,C:\project\static\Images\Serum\Azarine Brightening C- Glow Serum.png
236,Brightening C-Glow Serum,Azarine,Kulit Kering,"Noda hitam, Hiperpigmentasi, Kusam, Penuaan dini","Tranexamic Acid, Vitamin C, Ferulic Acid, Centella Asiatica",1,1,1,0,1,1,0,1,1,YES,C:\project\static\Images\Serum\Azarine Brightening C- Glow Serum.png
237,Brightening C-Glow Serum,Azarine,Kulit Berminyak,"Noda hitam, Hiperpigmentasi, Kusam, Penuaan dini","Tranexamic Acid, Vitamin C, Ferulic Acid, Centella Asiatica",1,1,1,0,1,1,0,1,1,NO,C:\project\static\Images\Serum\Azarine Brightening C- Glow Serum.png
238,Brightening C-Glow Serum,Azarine,Kulit Kombinasi,"Noda hitam, Hiperpigmentasi, Kusam, Penuaan dini","Tranexamic Acid, Vitamin C, Ferulic Acid, Centella Asiatica",1,1,1,0,1,1,0,1,1,YES,C:\project\static\Images\Serum\Azarine Brightening C- Glow Serum.png
239,Brightening C-Glow Serum,Azarine,Kulit Sensitif,"Noda hitam, Hiperpigmentasi, Kusam, Penuaan dini","Tranexamic Acid, Vitamin C, Ferulic Acid, Centella Asiatica",1,1,1,0,1,1,0,1,1,YES,C:\project\static\Images\Serum\Azarine Brightening C- Glow Serum.png
240,Brightening C-Glow Serum,Azarine,Kulit Berjerawat,"Noda hitam, Hiperpigmentasi, Kusam, Penuaan dini","Tranexamic Acid, Vitamin C, Ferulic Acid, Centella Asiatica",1,1,1,0,1,1,0,1,1,NO,C:\project\static\Images\Serum\Azarine Brightening C- Glow Serum.png
241,Acne Spot Serum,Azarine,Kulit Normal,"Jerawat, Kemerahan, Bekas jerawat, Kusam","Succinic Acid, CICA, Arbutin, Papaya",1,1,1,1,1,1,1,1,1,YES,C:\project\static\Images\Serum\Azarine Acne Spot Serum.png
242,Acne Spot Serum,Azarine,Kulit Kering,"Jerawat, Kemerahan, Bekas jerawat, Kusam","Succinic Acid, CICA, Arbutin, Papaya",1,1,1,1,1,1,1,1,1,YES,C:\project\static\Images\Serum\Azarine Acne Spot Serum.png
243,Acne Spot Serum,Azarine,Kulit Berminyak,"Jerawat, Kemerahan, Bekas jerawat, Kusam","Succinic Acid, CICA, Arbutin, Papaya",1,1,1,1,1,1,1,1,1,YES,C:\project\static\Images\Serum\Azarine Acne Spot Serum.png
244,Acne Spot Serum,Azarine,Kulit Kombinasi,"Jerawat, Kemerahan, Bekas jerawat, Kusam","Succinic Acid, CICA, Arbutin, Papaya",1,1,1,1,1,1,1,1,1,YES,C:\project\static\Images\Serum\Azarine Acne Spot Serum.png
245,Acne Spot Serum,Azarine,Kulit Sensitif,"Jerawat, Kemerahan, Bekas jerawat, Kusam","Succinic Acid, CICA, Arbutin, Papaya",1,1,1,1,1,1,1,1,1,YES,C:\project\static\Images\Serum\Azarine Acne Spot Serum.png
246,Acne Spot Serum,Azarine,Kulit Berjerawat,"Jerawat, Kemerahan, Bekas jerawat, Kusam","Succinic Acid, CICA, Arbutin, Papaya",1,1,1,1,1,1,1,1,1,YES,C:\project\static\Images\Serum\Azarine Acne Spot Serum.png
247,Niacinamide 10% + Dipotassium Glycyrrhizate Serum,Azarine,Kulit Normal,"Bekas jerawat, Minyak berlebih, Kusam, Warna kulit tidak rata","Niacinamide 10%, Dipotassium Glycyrrhizate, Crystalide™, Acetyl Glucosamine",1,1,1,1,1,1,1,1,1,YES,C:\project\static\Images\Serum\Azarine Niacinamide 10% + Dipotassium Glycyrrhizate Glorious Serum.png
248,Niacinamide 10% + Dipotassium Glycyrrhizate Serum,Azarine,Kulit Kering,"Bekas jerawat, Minyak berlebih, Kusam, Warna kulit tidak rata","Niacinamide 10%, Dipotassium Glycyrrhizate, Crystalide™, Acetyl Glucosamine",1,1,1,1,1,1,1,1,1,YES,C:\project\static\Images\Serum\Azarine Niacinamide 10% + Dipotassium Glycyrrhizate Glorious Serum.png
249,Niacinamide 10% + Dipotassium Glycyrrhizate Serum,Azarine,Kulit Berminyak,"Bekas jerawat, Minyak berlebih, Kusam, Warna kulit tidak rata","Niacinamide 10%, Dipotassium Glycyrrhizate, Crystalide™, Acetyl Glucosamine",1,1,1,1,1,1,1,1,1,YES,C:\project\static\Images\Serum\Azarine Niacinamide 10% + Dipotassium Glycyrrhizate Glorious Serum.png
250,Niacinamide 10% + Dipotassium Glycyrrhizate Serum,Azarine,Kulit Kombinasi,"Bekas jerawat, Minyak berlebih, Kusam, Warna kulit tidak rata","Niacinamide 10%, Dipotassium Glycyrrhizate, Crystalide™, Acetyl Glucosamine",1,1,1,1,1,1,1,1,1,YES,C:\project\static\Images\Serum\Azarine Niacinamide 10% + Dipotassium Glycyrrhizate Glorious Serum.png
251,Niacinamide 10% + Dipotassium Glycyrrhizate Serum,Azarine,Kulit Sensitif,"Bekas jerawat, Minyak berlebih, Kusam, Warna kulit tidak rata","Niacinamide 10%, Dipotassium Glycyrrhizate, Crystalide™, Acetyl Glucosamine",1,1,1,1,1,1,1,1,1,YES,C:\project\static\Images\Serum\Azarine Niacinamide 10% + Dipotassium Glycyrrhizate Glorious Serum.png
252,Niacinamide 10% + Dipotassium Glycyrrhizate Serum,Azarine,Kulit Berjerawat,"Bekas jerawat, Minyak berlebih, Kusam, Warna kulit tidak rata","Niacinamide 10%, Dipotassium Glycyrrhizate, Crystalide™, Acetyl Glucosamine",1,1,1,1,1,1,1,1,1,YES,C:\project\static\Images\Serum\Azarine Niacinamide 10% + Dipotassium Glycyrrhizate Glorious Serum.png
253,Retinol Smooth Glowing Serum,Azarine,Kulit Normal,"Garis halus, Penuaan dini, Tekstur kulit kasar, Pori-pori besar","Retinol 1%, Ceramide, Resveratrol, Cucumber Fruit Extract",1,1,1,0,1,1,1,1,1,YES,C:\project\static\Images\Serum\Azarine Retinol Smooth Glowing Serum.png
254,Retinol Smooth Glowing Serum,Azarine,Kulit Kering,"Garis halus, Penuaan dini, Tekstur kulit kasar, Pori-pori besar","Retinol 1%, Ceramide, Resveratrol, Cucumber Fruit Extract",1,1,1,0,1,1,1,1,1,YES,C:\project\static\Images\Serum\Azarine Retinol Smooth Glowing Serum.png
255,Retinol Smooth Glowing Serum,Azarine,Kulit Berminyak,"Garis halus, Penuaan dini, Tekstur kulit kasar, Pori-pori besar","Retinol 1%, Ceramide, Resveratrol, Cucumber Fruit Extract",1,1,1,0,1,1,1,1,1,NO,C:\project\static\Images\Serum\Azarine Retinol Smooth Glowing Serum.png
256,Retinol Smooth Glowing Serum,Azarine,Kulit Kombinasi,"Garis halus, Penuaan dini, Tekstur kulit kasar, Pori-pori besar","Retinol 1%, Ceramide, Resveratrol, Cucumber Fruit Extract",1,1,1,0,1,1,1,1,1,YES,C:\project\static\Images\Serum\Azarine Retinol Smooth Glowing Serum.png
257,Retinol Smooth Glowing Serum,Azarine,Kulit Sensitif,"Garis halus, Penuaan dini, Tekstur kulit kasar, Pori-pori besar","Retinol 1%, Ceramide, Resveratrol, Cucumber Fruit Extract",1,1,1,0,1,1,1,1,1,YES,C:\project\static\Images\Serum\Azarine Retinol Smooth Glowing Serum.png
258,Retinol Smooth Glowing Serum,Azarine,Kulit Berjerawat,"Garis halus, Penuaan dini, Tekstur kulit kasar, Pori-pori besar","Retinol 1%, Ceramide, Resveratrol, Cucumber Fruit Extract",1,1,1,0,1,1,1,1,1,YES,C:\project\static\Images\Serum\Azarine Retinol Smooth Glowing Serum.png
259,AHA-BHA-PHA Peeling Serum,Azarine,Kulit Normal,"Bekas jerawat, Kusam, Tekstur kulit tidak rata, Pori besar","AHA, BHA, PHA",1,1,1,1,1,1,1,1,1,YES,C:\project\static\Images\Serum\Azarine AHA-BHA-PHA Peeling Serum.png
260,AHA-BHA-PHA Peeling Serum,Azarine,Kulit Kering,"Bekas jerawat, Kusam, Tekstur kulit tidak rata, Pori besar","AHA, BHA, PHA",1,1,1,1,1,1,1,1,1,YES,C:\project\static\Images\Serum\Azarine AHA-BHA-PHA Peeling Serum.png
261,AHA-BHA-PHA Peeling Serum,Azarine,Kulit Berminyak,"Bekas jerawat, Kusam, Tekstur kulit tidak rata, Pori besar","AHA, BHA, PHA",1,1,1,1,1,1,1,1,1,YES,C:\project\static\Images\Serum\Azarine AHA-BHA-PHA Peeling Serum.png
262,AHA-BHA-PHA Peeling Serum,Azarine,Kulit Kombinasi,"Bekas jerawat, Kusam, Tekstur kulit tidak rata, Pori besar","AHA, BHA, PHA",1,1,1,1,1,1,1,1,1,YES,C:\project\static\Images\Serum\Azarine AHA-BHA-PHA Peeling Serum.png
263,AHA-BHA-PHA Peeling Serum,Azarine,Kulit Sensitif,"Bekas jerawat, Kusam, Tekstur kulit tidak rata, Pori besar","AHA, BHA, PHA",1,1,1,1,1,1,1,1,1,YES,C:\project\static\Images\Serum\Azarine AHA-BHA-PHA Peeling Serum.png
264,AHA-BHA-PHA Peeling Serum,Azarine,Kulit Berjerawat,"Bekas jerawat, Kusam, Tekstur kulit tidak rata, Pori besar","AHA, BHA, PHA",1,1,1,1,1,1,1,1,1,YES,C:\project\static\Images\Serum\Azarine AHA-BHA-PHA Peeling Serum.png
265,15% Vitamin C + Glow Advance Serum,Elsheskin,Kulit Normal,"Kusam, Noda hitam, Warna kulit tidak merata, Kemerahan","15% Ethyl Ascorbic Acid, 3% Alpha Arbutin, Ferulic Acid",1,1,1,0,1,1,0,1,0,YES,C:\project\static\Images\Serum\Elsheskin 15% Vitamin C + Glow Advance Serum.png
266,15% Vitamin C + Glow Advance Serum,Elsheskin,Kulit Kering,"Kusam, Noda hitam, Warna kulit tidak merata, Kemerahan","15% Ethyl Ascorbic Acid, 3% Alpha Arbutin, Ferulic Acid",1,1,1,0,1,1,0,1,0,YES,C:\project\static\Images\Serum\Elsheskin 15% Vitamin C + Glow Advance Serum.png
267,15% Vitamin C + Glow Advance Serum,Elsheskin,Kulit Berminyak,"Kusam, Noda hitam, Warna kulit tidak merata, Kemerahan","15% Ethyl Ascorbic Acid, 3% Alpha Arbutin, Ferulic Acid",1,1,1,0,1,1,0,1,0,NO,C:\project\static\Images\Serum\Elsheskin 15% Vitamin C + Glow Advance Serum.png
268,15% Vitamin C + Glow Advance Serum,Elsheskin,Kulit Kombinasi,"Kusam, Noda hitam, Warna kulit tidak merata, Kemerahan","15% Ethyl Ascorbic Acid, 3% Alpha Arbutin, Ferulic Acid",1,1,1,0,1,1,0,1,0,YES,C:\project\static\Images\Serum\Elsheskin 15% Vitamin C + Glow Advance Serum.png
269,15% Vitamin C + Glow Advance Serum,Elsheskin,Kulit Sensitif,"Kusam, Noda hitam, Warna kulit tidak merata, Kemerahan","15% Ethyl Ascorbic Acid, 3% Alpha Arbutin, Ferulic Acid",1,1,1,0,1,1,0,1,0,YES,C:\project\static\Images\Serum\Elsheskin 15% Vitamin C + Glow Advance Serum.png
270,15% Vitamin C + Glow Advance Serum,Elsheskin,Kulit Berjerawat,"Kusam, Noda hitam, Warna kulit tidak merata, Kemerahan","15% Ethyl Ascorbic Acid, 3% Alpha Arbutin, Ferulic Acid",1,1,1,0,1,1,0,1,1,NO,C:\project\static\Images\Serum\Elsheskin 15% Vitamin C + Glow Advance Serum.png
271,Retinal Advance Serum,Elsheskin,Kulit Normal,"Penuaan dini, Garis halus, Kerutan","0.2% Pure Retinal, 5% Peptide Complex, 7x Ceramide, 1% Alpha Arbutin, 7x Rejuvenating Booster",1,1,1,1,1,1,1,1,1,YES,C:\project\static\Images\Serum\Elsheskin Retinal Advance Serum.png
272,Retinal Advance Serum,Elsheskin,Kulit Kering,"Penuaan dini, Garis halus, Kerutan","0.2% Pure Retinal, 5% Peptide Complex, 7x Ceramide, 1% Alpha Arbutin, 7x Rejuvenating Booster",1,1,1,1,1,1,1,1,1,YES,C:\project\static\Images\Serum\Elsheskin Retinal Advance Serum.png
273,Retinal Advance Serum,Elsheskin,Kulit Berminyak,"Penuaan dini, Garis halus, Kerutan","0.2% Pure Retinal, 5% Peptide Complex, 7x Ceramide, 1% Alpha Arbutin, 7x Rejuvenating Booster",1,1,1,1,1,1,1,1,1,YES,C:\project\static\Images\Serum\Elsheskin Retinal Advance Serum.png
274,Retinal Advance Serum,Elsheskin,Kulit Kombinasi,"Penuaan dini, Garis halus, Kerutan","0.2% Pure Retinal, 5% Peptide Complex, 7x Ceramide, 1% Alpha Arbutin, 7x Rejuvenating Booster",1,1,1,1,1,1,1,1,1,YES,C:\project\static\Images\Serum\Elsheskin Retinal Advance Serum.png
275,Retinal Advance Serum,Elsheskin,Kulit Sensitif,"Penuaan dini, Garis halus, Kerutan","0.2% Pure Retinal, 5% Peptide Complex, 7x Ceramide, 1% Alpha Arbutin, 7x Rejuvenating Booster",1,1,1,1,1,1,1,1,1,YES,C:\project\static\Images\Serum\Elsheskin Retinal Advance Serum.png
276,Retinal Advance Serum,Elsheskin,Kulit Berjerawat,"Penuaan dini, Garis halus, Kerutan","0.2% Pure Retinal, 5% Peptide Complex, 7x Ceramide, 1% Alpha Arbutin, 7x Rejuvenating Booster",1,1,1,1,1,1,1,1,1,YES,C:\project\static\Images\Serum\Elsheskin Retinal Advance Serum.png
277,Radiant Advance Serum,Elsheskin,Kulit Normal,"Hiperpigmentasi, Warna kulit tidak merata","3% Tranexamic Acid, 17X Brightening Booster",1,0,1,1,1,1,0,1,1,YES,C:\project\static\Images\Serum\Elsheskin Radiant Advance Serum.png
278,Radiant Advance Serum,Elsheskin,Kulit Kering,"Hiperpigmentasi, Warna kulit tidak merata","3% Tranexamic Acid, 17X Brightening Booster",1,0,1,1,1,1,0,1,1,YES,C:\project\static\Images\Serum\Elsheskin Radiant Advance Serum.png
279,Radiant Advance Serum,Elsheskin,Kulit Berminyak,"Hiperpigmentasi, Warna kulit tidak merata","3% Tranexamic Acid, 17X Brightening Booster",1,0,1,1,1,1,0,1,1,YES,C:\project\static\Images\Serum\Elsheskin Radiant Advance Serum.png
280,Radiant Advance Serum,Elsheskin,Kulit Kombinasi,"Hiperpigmentasi, Warna kulit tidak merata","3% Tranexamic Acid, 17X Brightening Booster",1,0,1,1,1,1,0,1,1,YES,C:\project\static\Images\Serum\Elsheskin Radiant Advance Serum.png
281,Radiant Advance Serum,Elsheskin,Kulit Sensitif,"Hiperpigmentasi, Warna kulit tidak merata","3% Tranexamic Acid, 17X Brightening Booster",1,0,1,1,1,1,0,1,1,NO,C:\project\static\Images\Serum\Elsheskin Radiant Advance Serum.png
282,Radiant Advance Serum,Elsheskin,Kulit Berjerawat,"Hiperpigmentasi, Warna kulit tidak merata","3% Tranexamic Acid, 17X Brightening Booster",1,0,1,1,1,1,0,1,1,NO,C:\project\static\Images\Serum\Elsheskin Radiant Advance Serum.png
283,Radiant Skin Serum,Elsheskin,Kulit Normal,"Warna kulit tidak merata, Kusam, Noda hitam","Tiny White™, Niacinamide, Grape Seed Extract, Vitamin C, Arbutin",1,1,1,1,1,1,0,1,0,YES,C:\project\static\Images\Serum\Elsheskin Radiant Skin Serum.png
284,Radiant Skin Serum,Elsheskin,Kulit Kering,"Warna kulit tidak merata, Kusam, Noda hitam","Tiny White™, Niacinamide, Grape Seed Extract, Vitamin C, Arbutin",1,1,1,1,1,1,0,1,0,YES,C:\project\static\Images\Serum\Elsheskin Radiant Skin Serum.png
285,Radiant Skin Serum,Elsheskin,Kulit Berminyak,"Warna kulit tidak merata, Kusam, Noda hitam","Tiny White™, Niacinamide, Grape Seed Extract, Vitamin C, Arbutin",1,1,1,1,1,1,0,1,0,YES,C:\project\static\Images\Serum\Elsheskin Radiant Skin Serum.png
286,Radiant Skin Serum,Elsheskin,Kulit Kombinasi,"Warna kulit tidak merata, Kusam, Noda hitam","Tiny White™, Niacinamide, Grape Seed Extract, Vitamin C, Arbutin",1,1,1,1,1,1,0,1,0,YES,C:\project\static\Images\Serum\Elsheskin Radiant Skin Serum.png
287,Radiant Skin Serum,Elsheskin,Kulit Sensitif,"Warna kulit tidak merata, Kusam, Noda hitam","Tiny White™, Niacinamide, Grape Seed Extract, Vitamin C, Arbutin",1,1,1,1,1,1,0,1,0,YES,C:\project\static\Images\Serum\Elsheskin Radiant Skin Serum.png
288,Radiant Skin Serum,Elsheskin,Kulit Berjerawat,"Warna kulit tidak merata, Kusam, Noda hitam","Tiny White™, Niacinamide, Grape Seed Extract, Vitamin C, Arbutin",1,1,1,1,1,1,0,1,1,NO,C:\project\static\Images\Serum\Elsheskin Radiant Skin Serum.png
289,Daily Boost Antioxidant Serum,Elsheskin,Kulit Normal,"Kering, Kusam, Terpapar polusi, Noda bekas jerawat, Flek hitam","Ferulic Acid, 15% Ethyl Ascorbic Acid, Vitamin E",1,1,1,0,1,1,0,1,1,YES,C:\project\static\Images\Serum\Elsheskin Daily Boost Antioxidant Serum.png
290,Daily Boost Antioxidant Serum,Elsheskin,Kulit Kering,"Kering, Kusam, Terpapar polusi, Noda bekas jerawat, Flek hitam","Ferulic Acid, 15% Ethyl Ascorbic Acid, Vitamin E",1,1,1,0,1,1,0,1,1,YES,C:\project\static\Images\Serum\Elsheskin Daily Boost Antioxidant Serum.png
291,Daily Boost Antioxidant Serum,Elsheskin,Kulit Berminyak,"Kering, Kusam, Terpapar polusi, Noda bekas jerawat, Flek hitam","Ferulic Acid, 15% Ethyl Ascorbic Acid, Vitamin E",1,1,1,0,1,1,0,1,1,NO,C:\project\static\Images\Serum\Elsheskin Daily Boost Antioxidant Serum.png
292,Daily Boost Antioxidant Serum,Elsheskin,Kulit Kombinasi,"Kering, Kusam, Terpapar polusi, Noda bekas jerawat, Flek hitam","Ferulic Acid, 15% Ethyl Ascorbic Acid, Vitamin E",1,1,1,0,1,1,0,1,1,YES,C:\project\static\Images\Serum\Elsheskin Daily Boost Antioxidant Serum.png
293,Daily Boost Antioxidant Serum,Elsheskin,Kulit Sensitif,"Kering, Kusam, Terpapar polusi, Noda bekas jerawat, Flek hitam","Ferulic Acid, 15% Ethyl Ascorbic Acid, Vitamin E",1,1,1,0,1,1,0,1,1,YES,C:\project\static\Images\Serum\Elsheskin Daily Boost Antioxidant Serum.png
294,Daily Boost Antioxidant Serum,Elsheskin,Kulit Berjerawat,"Kering, Kusam, Terpapar polusi, Noda bekas jerawat, Flek hitam","Ferulic Acid, 15% Ethyl Ascorbic Acid, Vitamin E",1,1,1,0,1,1,0,1,1,NO,C:\project\static\Images\Serum\Elsheskin Daily Boost Antioxidant Serum.png
295,Retinol Rejuvenating Night Serum,Elsheskin,Kulit Normal,"Penuaan dini, Garis halus, Jerawat, Bekas jerawat, Komedo, Flek hitam","Micro-Encapsulated Retinol, Multi-Peptide Complex, V/WA™, Hyaluronic, Ceramide, Coenzyme Q10",1,1,1,0,1,1,1,1,1,YES,C:\project\static\Images\Serum\Elsheskin Retinol Rejuvenating Night Serum.png
296,Retinol Rejuvenating Night Serum,Elsheskin,Kulit Kering,"Penuaan dini, Garis halus, Jerawat, Bekas jerawat, Komedo, Flek hitam","Micro-Encapsulated Retinol, Multi-Peptide Complex, V/WA™, Hyaluronic, Ceramide, Coenzyme Q10",1,1,1,0,1,1,1,1,1,YES,C:\project\static\Images\Serum\Elsheskin Retinol Rejuvenating Night Serum.png
297,Retinol Rejuvenating Night Serum,Elsheskin,Kulit Berminyak,"Penuaan dini, Garis halus, Jerawat, Bekas jerawat, Komedo, Flek hitam","Micro-Encapsulated Retinol, Multi-Peptide Complex, V/WA™, Hyaluronic, Ceramide, Coenzyme Q10",1,1,1,0,1,1,1,1,1,NO,C:\project\static\Images\Serum\Elsheskin Retinol Rejuvenating Night Serum.png
298,Retinol Rejuvenating Night Serum,Elsheskin,Kulit Kombinasi,"Penuaan dini, Garis halus, Jerawat, Bekas jerawat, Komedo, Flek hitam","Micro-Encapsulated Retinol, Multi-Peptide Complex, V/WA™, Hyaluronic, Ceramide, Coenzyme Q10",1,1,1,0,1,1,1,1,1,YES,C:\project\static\Images\Serum\Elsheskin Retinol Rejuvenating Night Serum.png
299,Retinol Rejuvenating Night Serum,Elsheskin,Kulit Sensitif,"Penuaan dini, Garis halus, Jerawat, Bekas jerawat, Komedo, Flek hitam","Micro-Encapsulated Retinol, Multi-Peptide Complex, V/WA™, Hyaluronic, Ceramide, Coenzyme Q10",1,1,1,0,1,1,1,1,1,YES,C:\project\static\Images\Serum\Elsheskin Retinol Rejuvenating Night Serum.png
300,Retinol Rejuvenating Night Serum,Elsheskin,Kulit Berjerawat,"Penuaan dini, Garis halus, Jerawat, Bekas jerawat, Komedo, Flek hitam","Micro-Encapsulated Retinol, Multi-Peptide Complex, V/WA™, Hyaluronic, Ceramide, Coenzyme Q10",1,1,1,0,1,1,1,1,1,YES,C:\project\static\Images\Serum\Elsheskin Retinol Rejuvenating Night Serum.png
301,Skinsitive DF Ultracalm Face Serum,ERHA,Kulit Normal,"Iritasi ringan, Kemerahan, Kulit gatal, Barrier lemah","STIMU-TEX® AS, 5% Panthenol, Hyaluronic Acid, Vitamin E, Natto Gum, Neem Leaf Extract",1,1,1,0,1,0,0,1,0,YES,C:\project\static\Images\Serum\ERHA Skinsitive DF Ultracalm Face Serum.png
302,Skinsitive DF Ultracalm Face Serum,ERHA,Kulit Kering,"Iritasi ringan, Kemerahan, Kulit gatal, Barrier lemah","STIMU-TEX® AS, 5% Panthenol, Hyaluronic Acid, Vitamin E, Natto Gum, Neem Leaf Extract",1,1,1,0,1,0,0,1,0,YES,C:\project\static\Images\Serum\ERHA Skinsitive DF Ultracalm Face Serum.png
303,Skinsitive DF Ultracalm Face Serum,ERHA,Kulit Sensitif,"Iritasi ringan, Kemerahan, Kulit gatal, Barrier lemah","STIMU-TEX® AS, 5% Panthenol, Hyaluronic Acid, Vitamin E, Natto Gum, Neem Leaf Extract",1,1,1,0,1,0,0,1,0,YES,C:\project\static\Images\Serum\ERHA Skinsitive DF Ultracalm Face Serum.png
304,Skinsitive DF Ultracalm Face Serum,ERHA,Kulit Kombinasi,"Iritasi ringan, Kemerahan, Kulit gatal, Barrier lemah","STIMU-TEX® AS, 5% Panthenol, Hyaluronic Acid, Vitamin E, Natto Gum, Neem Leaf Extract",1,1,1,0,1,0,0,1,0,YES,C:\project\static\Images\Serum\ERHA Skinsitive DF Ultracalm Face Serum.png
305,Skinsitive DF Ultracalm Face Serum,ERHA,Kulit Berminyak,"Iritasi ringan, Kemerahan, Kulit gatal, Barrier lemah","STIMU-TEX® AS, 5% Panthenol, Hyaluronic Acid, Vitamin E, Natto Gum, Neem Leaf Extract",1,1,1,0,1,0,0,1,0,NO,C:\project\static\Images\Serum\ERHA Skinsitive DF Ultracalm Face Serum.png
306,Skinsitive DF Ultracalm Face Serum,ERHA,Kulit Berjerawat,"Iritasi ringan, Kemerahan, Kulit gatal, Barrier lemah","STIMU-TEX® AS, 5% Panthenol, Hyaluronic Acid, Vitamin E, Natto Gum, Neem Leaf Extract",1,1,1,0,1,0,0,1,0,NO,C:\project\static\Images\Serum\ERHA Skinsitive DF Ultracalm Face Serum.png
307,AcneAct Post Acne Spot Serum,ERHA,Kulit Normal,"Bekas jerawat, Noda hitam, Kemerahan, Tekstur kulit kasar","Niacinamide, Tranexamic Acid, PAD, Salicylic Acid, Glycolic Acid, Allantoin, 7 Ekstrak Tanaman",1,1,1,1,1,1,1,1,1,YES,C:\project\static\Images\Serum\ERHA AcneAct Post Acne Spot Serum.png
308,AcneAct Post Acne Spot Serum,ERHA,Kulit Kering,"Bekas jerawat, Noda hitam, Kemerahan, Tekstur kulit kasar","Niacinamide, Tranexamic Acid, PAD, Salicylic Acid, Glycolic Acid, Allantoin, 7 Ekstrak Tanaman",1,1,1,1,1,1,1,1,1,YES,C:\project\static\Images\Serum\ERHA AcneAct Post Acne Spot Serum.png
309,AcneAct Post Acne Spot Serum,ERHA,Kulit Sensitif,"Bekas jerawat, Noda hitam, Kemerahan, Tekstur kulit kasar","Niacinamide, Tranexamic Acid, PAD, Salicylic Acid, Glycolic Acid, Allantoin, 7 Ekstrak Tanaman",1,1,1,1,1,1,1,1,1,YES,C:\project\static\Images\Serum\ERHA AcneAct Post Acne Spot Serum.png
310,AcneAct Post Acne Spot Serum,ERHA,Kulit Kombinasi,"Bekas jerawat, Noda hitam, Kemerahan, Tekstur kulit kasar","Niacinamide, Tranexamic Acid, PAD, Salicylic Acid, Glycolic Acid, Allantoin, 7 Ekstrak Tanaman",1,1,1,1,1,1,1,1,1,YES,C:\project\static\Images\Serum\ERHA AcneAct Post Acne Spot Serum.png
311,AcneAct Post Acne Spot Serum,ERHA,Kulit Berminyak,"Bekas jerawat, Noda hitam, Kemerahan, Tekstur kulit kasar","Niacinamide, Tranexamic Acid, PAD, Salicylic Acid, Glycolic Acid, Allantoin, 7 Ekstrak Tanaman",1,1,1,1,1,1,1,1,1,YES,C:\project\static\Images\Serum\ERHA AcneAct Post Acne Spot Serum.png
312,AcneAct Post Acne Spot Serum,ERHA,Kulit Berjerawat,"Bekas jerawat, Noda hitam, Kemerahan, Tekstur kulit kasar","Niacinamide, Tranexamic Acid, PAD, Salicylic Acid, Glycolic Acid, Allantoin, 7 Ekstrak Tanaman",1,1,1,1,1,1,1,1,1,YES,C:\project\static\Images\Serum\ERHA AcneAct Post Acne Spot Serum.png
313,AcneAct Blemish Soothing Serum,ERHA,Kulit Normal,"Kemerahan, Berjerawat, Barrier lemah","Cica, Prebiotic, Salicylic Acid, 9 Ekstrak Tanaman, D-Panthenol, Biosodium Hyaluronate, Niacinamide, Aloe Vera",1,1,1,1,1,1,1,1,1,YES,C:\project\static\Images\Serum\ERHA AcneAct Blemish Soothing Serum.png
314,AcneAct Blemish Soothing Serum,ERHA,Kulit Kering,"Kemerahan, Berjerawat, Barrier lemah","Cica, Prebiotic, Salicylic Acid, 9 Ekstrak Tanaman, D-Panthenol, Biosodium Hyaluronate, Niacinamide, Aloe Vera",1,1,1,1,1,1,1,1,1,YES,C:\project\static\Images\Serum\ERHA AcneAct Blemish Soothing Serum.png
315,AcneAct Blemish Soothing Serum,ERHA,Kulit Sensitif,"Kemerahan, Berjerawat, Barrier lemah","Cica, Prebiotic, Salicylic Acid, 9 Ekstrak Tanaman, D-Panthenol, Biosodium Hyaluronate, Niacinamide, Aloe Vera",1,1,1,1,1,1,1,1,1,YES,C:\project\static\Images\Serum\ERHA AcneAct Blemish Soothing Serum.png
316,AcneAct Blemish Soothing Serum,ERHA,Kulit Kombinasi,"Kemerahan, Berjerawat, Barrier lemah","Cica, Prebiotic, Salicylic Acid, 9 Ekstrak Tanaman, D-Panthenol, Biosodium Hyaluronate, Niacinamide, Aloe Vera",1,1,1,1,1,1,1,1,1,YES,C:\project\static\Images\Serum\ERHA AcneAct Blemish Soothing Serum.png
317,AcneAct Blemish Soothing Serum,ERHA,Kulit Berminyak,"Kemerahan, Berjerawat, Barrier lemah","Cica, Prebiotic, Salicylic Acid, 9 Ekstrak Tanaman, D-Panthenol, Biosodium Hyaluronate, Niacinamide, Aloe Vera",1,1,1,1,1,1,1,1,1,YES,C:\project\static\Images\Serum\ERHA AcneAct Blemish Soothing Serum.png
318,AcneAct Blemish Soothing Serum,ERHA,Kulit Berjerawat,"Kemerahan, Berjerawat, Barrier lemah","Cica, Prebiotic, Salicylic Acid, 9 Ekstrak Tanaman, D-Panthenol, Biosodium Hyaluronate, Niacinamide, Aloe Vera",1,1,1,1,1,1,1,1,1,YES,C:\project\static\Images\Serum\ERHA AcneAct Blemish Soothing Serum.png
319,Age Corrector Serum,ERHA,Kulit Normal,"Kerutan halus, Garis penuaan, Kusam, Barrier lemah","Peptide Complex, Snail Mucin Filtrate, Soybean Phytoplacenta Extract, Beta White",1,1,1,0,1,1,0,1,1,YES,C:\project\static\Images\Serum\ERHA Age Corrector Serum.png
320,Age Corrector Serum,ERHA,Kulit Kering,"Kerutan halus, Garis penuaan, Kusam, Barrier lemah","Peptide Complex, Snail Mucin Filtrate, Soybean Phytoplacenta Extract, Beta White",1,1,1,0,1,1,0,1,1,YES,C:\project\static\Images\Serum\ERHA Age Corrector Serum.png
321,Age Corrector Serum,ERHA,Kulit Sensitif,"Kerutan halus, Garis penuaan, Kusam, Barrier lemah","Peptide Complex, Snail Mucin Filtrate, Soybean Phytoplacenta Extract, Beta White",1,1,1,0,1,1,0,1,1,YES,C:\project\static\Images\Serum\ERHA Age Corrector Serum.png
322,Age Corrector Serum,ERHA,Kulit Kombinasi,"Kerutan halus, Garis penuaan, Kusam, Barrier lemah","Peptide Complex, Snail Mucin Filtrate, Soybean Phytoplacenta Extract, Beta White",1,1,1,0,1,1,0,1,1,YES,C:\project\static\Images\Serum\ERHA Age Corrector Serum.png
323,Age Corrector Serum,ERHA,Kulit Berminyak,"Kerutan halus, Garis penuaan, Kusam, Barrier lemah","Peptide Complex, Snail Mucin Filtrate, Soybean Phytoplacenta Extract, Beta White",1,1,1,0,1,1,0,1,1,NO,C:\project\static\Images\Serum\ERHA Age Corrector Serum.png
324,Age Corrector Serum,ERHA,Kulit Berjerawat,"Kerutan halus, Garis penuaan, Kusam, Barrier lemah","Peptide Complex, Snail Mucin Filtrate, Soybean Phytoplacenta Extract, Beta White",1,1,1,0,1,1,0,1,1,NO,C:\project\static\Images\Serum\ERHA Age Corrector Serum.png
325,Truwhite Vit C & Peptides Serum,ERHA,Kulit Normal,"Flek hitam, Kusam, Warna kulit tida rata","10% Vitamin C, Peptides, Bisabolol, Salicylic Acid, Hyaluronic Acid, Trehalose, Panthenol, Brightening Amino Acid, White Water Lily Extract",1,1,1,1,1,1,1,1,1,YES,C:\project\static\Images\Serum\ERHA Truwhite Vit C & Peptides Brightening Serum.png
326,Truwhite Vit C & Peptides Serum,ERHA,Kulit Kering,"Flek hitam, Kusam, Warna kulit tida rata","10% Vitamin C, Peptides, Bisabolol, Salicylic Acid, Hyaluronic Acid, Trehalose, Panthenol, Brightening Amino Acid, White Water Lily Extract",1,1,1,1,1,1,1,1,1,YES,C:\project\static\Images\Serum\ERHA Truwhite Vit C & Peptides Brightening Serum.png
327,Truwhite Vit C & Peptides Serum,ERHA,Kulit Sensitif,"Flek hitam, Kusam, Warna kulit tida rata","10% Vitamin C, Peptides, Bisabolol, Salicylic Acid, Hyaluronic Acid, Trehalose, Panthenol, Brightening Amino Acid, White Water Lily Extract",1,1,1,1,1,1,1,1,1,YES,C:\project\static\Images\Serum\ERHA Truwhite Vit C & Peptides Brightening Serum.png
328,Truwhite Vit C & Peptides Serum,ERHA,Kulit Kombinasi,"Flek hitam, Kusam, Warna kulit tida rata","10% Vitamin C, Peptides, Bisabolol, Salicylic Acid, Hyaluronic Acid, Trehalose, Panthenol, Brightening Amino Acid, White Water Lily Extract",1,1,1,1,1,1,1,1,1,YES,C:\project\static\Images\Serum\ERHA Truwhite Vit C & Peptides Brightening Serum.png
329,Truwhite Vit C & Peptides Serum,ERHA,Kulit Berminyak,"Flek hitam, Kusam, Warna kulit tida rata","10% Vitamin C, Peptides, Bisabolol, Salicylic Acid, Hyaluronic Acid, Trehalose, Panthenol, Brightening Amino Acid, White Water Lily Extract",1,1,1,1,1,1,1,1,1,YES,C:\project\static\Images\Serum\ERHA Truwhite Vit C & Peptides Brightening Serum.png
330,Truwhite Vit C & Peptides Serum,ERHA,Kulit Berjerawat,"Flek hitam, Kusam, Warna kulit tida rata","10% Vitamin C, Peptides, Bisabolol, Salicylic Acid, Hyaluronic Acid, Trehalose, Panthenol, Brightening Amino Acid, White Water Lily Extract",1,1,1,1,1,1,1,1,1,YES,C:\project\static\Images\Serum\ERHA Truwhite Vit C & Peptides Brightening Serum.png
